<?xml version = '1.0' encoding = 'UTF-8'?>
<Diagram class="oracle.dbtools.crest.swingui.logical.DPVLogical" name="Logical" id="851C9B2F-010C-8B8A-D31E-98A211315F6C">
<createdBy>Jay</createdBy>
<modifiedBy>Jay</modifiedBy>
<createdTime>2024-09-15 06:29:26 UTC</createdTime>
<autoRoute>false</autoRoute>
<boxInbox>true</boxInbox>
<showLegend>true</showLegend>
<showLabels>true</showLabels>
<showRelAttributes>false</showRelAttributes>
<gridEnabled>false</gridEnabled>
<showGrid>false</showGrid>
<diagramColor>-1</diagramColor>
<legendPosX>19</legendPosX>
<legendPosY>8</legendPosY>
<display>false</display>
<notation>2</notation>
<showAllDetails>false</showAllDetails>
<showElements>true</showElements>
<objectViews>
<OView class="oracle.dbtools.crest.swingui.logical.TVEntity" oid="057EAFAC-258D-3D00-46AB-5AFDC804F4CA" otype="Entity" vid="719304A3-A467-00B4-6803-6C065BA9E994">
<hideElementsInCurrentOnly>false</hideElementsInCurrentOnly>
<bounds x="621" y="196" width="154" height="105"/>
</OView>
<OView class="oracle.dbtools.crest.swingui.logical.TVEntity" oid="0F1B7064-AAE5-D01E-75C0-C0EC7ABA0BAF" otype="Entity" vid="C3DDF157-11DA-868B-41F7-2057B09A1144">
<hideElementsInCurrentOnly>false</hideElementsInCurrentOnly>
<bounds x="859" y="207" width="125" height="70"/>
</OView>
<OView class="oracle.dbtools.crest.swingui.logical.TVEntity" oid="10C9489F-9A35-CD52-9337-05EB5E719FB8" otype="Entity" vid="F8526186-542E-2B18-104A-66A5EFCCA848">
<hideElementsInCurrentOnly>false</hideElementsInCurrentOnly>
<bounds x="106" y="393" width="112" height="73"/>
</OView>
<OView class="oracle.dbtools.crest.swingui.logical.TVEntity" oid="16A001C1-D757-32B6-69D0-35A45C3C1913" otype="Entity" vid="A2D7D4B4-3C3C-ED37-2325-B2190F101E41">
<hideElementsInCurrentOnly>false</hideElementsInCurrentOnly>
<bounds x="381" y="645" width="158" height="60"/>
</OView>
<OView class="oracle.dbtools.crest.swingui.logical.TVEntity" oid="1EFB0B7E-AE24-CB1E-126D-AF54E6962563" otype="Entity" vid="DA65E43B-953C-A3DD-C990-AB22E451D48B">
<hideElementsInCurrentOnly>false</hideElementsInCurrentOnly>
<bounds x="382" y="722" width="170" height="57"/>
</OView>
<OView class="oracle.dbtools.crest.swingui.logical.TVEntity" oid="20E2B73A-8165-5786-9D77-1455CEEA3057" otype="Entity" vid="966497D1-93FB-1F81-DBC7-616110AEFEE6">
<hideElementsInCurrentOnly>false</hideElementsInCurrentOnly>
<bounds x="91" y="199" width="141" height="103"/>
</OView>
<OView class="oracle.dbtools.crest.swingui.TVLegend" oid="693EF3A3-9D18-6072-52FC-ECC03EF582AF" otype="Legend" vid="42AA22CB-B936-B8F7-2334-A2F64759EAF2">
<hideElementsInCurrentOnly>false</hideElementsInCurrentOnly>
<bounds x="19" y="8" width="232" height="135"/>
</OView>
<OView class="oracle.dbtools.crest.swingui.logical.TVEntity" oid="7863FBEC-7352-E6BF-EA9C-ACEBB73209D9" otype="Entity" vid="A5D9140E-C1E1-9CAE-FA53-6483C8923672">
<hideElementsInCurrentOnly>false</hideElementsInCurrentOnly>
<bounds x="653" y="640" width="93" height="56"/>
</OView>
<OView class="oracle.dbtools.crest.swingui.logical.TVEntity" oid="86F1B2A3-D29B-4B1B-28E6-D70E1F779D07" otype="Entity" vid="D0255261-D575-3CCD-D239-58C3E931DA29">
<hideElementsInCurrentOnly>false</hideElementsInCurrentOnly>
<bounds x="582" y="336" width="172" height="103"/>
</OView>
<OView class="oracle.dbtools.crest.swingui.logical.TVEntity" oid="9D5A7CA8-16E5-C1E1-B5B8-9E5B2569D101" otype="Entity" vid="7ED7D622-649C-9A40-17BB-4480EC9D2411">
<hideElementsInCurrentOnly>false</hideElementsInCurrentOnly>
<bounds x="304" y="199" width="185" height="119"/>
</OView>
<OView class="oracle.dbtools.crest.swingui.logical.TVEntity" oid="ABA9117A-AB00-8D64-7090-D4A70CF3D8B3" otype="Entity" vid="E4C2D749-DE2A-0C09-4A99-6D4BEF97AB6D">
<hideElementsInCurrentOnly>false</hideElementsInCurrentOnly>
<bounds x="326" y="406" width="131" height="100"/>
</OView>
<OView class="oracle.dbtools.crest.swingui.logical.TVEntity" oid="AF678DBA-7062-03CA-B9CF-DCF36C62ACC1" otype="Entity" vid="00AC1F8E-48E0-F4AB-6A48-C81A1D85968D">
<hideElementsInCurrentOnly>false</hideElementsInCurrentOnly>
<bounds x="385" y="577" width="115" height="53"/>
</OView>
<OView class="oracle.dbtools.crest.swingui.logical.TVEntity" oid="BC4C27F1-B14C-C116-1709-6306FD52CA39" otype="Entity" vid="B4B2EF06-5FB4-3BFD-FFA6-F10448A296D7">
<hideElementsInCurrentOnly>false</hideElementsInCurrentOnly>
<bounds x="847" y="377" width="143" height="148"/>
</OView>
<OView class="oracle.dbtools.crest.swingui.logical.TVEntity" oid="E909CA7B-02A3-B24E-EB83-265273428BDD" otype="Entity" vid="0E5D3B48-FD1A-B7E3-A44F-07FD2D2425D9">
<hideElementsInCurrentOnly>false</hideElementsInCurrentOnly>
<bounds x="581" y="446" width="171" height="182"/>
</OView>
<OView class="oracle.dbtools.crest.swingui.logical.TVEntity" oid="FE400214-FBD4-C743-3DD4-DDEFBF59FB05" otype="Entity" vid="79E6380E-2AA7-DFF6-BB1B-A049B7591C4D">
<hideElementsInCurrentOnly>false</hideElementsInCurrentOnly>
<bounds x="653" y="720" width="101" height="70"/>
</OView>
<OView class="oracle.dbtools.crest.swingui.logical.TVEntity" oid="FF71328C-8CEB-16F6-B4AD-9B63DBFF60C4" otype="Entity" vid="43D4C71A-5244-EC6D-933C-C9709EE8109A">
<hideElementsInCurrentOnly>false</hideElementsInCurrentOnly>
<bounds x="81" y="582" width="183" height="193"/>
</OView>
</objectViews>
<connectors>
<Connector class="oracle.dbtools.crest.swingui.logical.TVRelation" oid="05E5CD0A-ABB9-9C11-6083-A3C317121036" otype="Relation" vid_source="E4C2D749-DE2A-0C09-4A99-6D4BEF97AB6D" vid_target="D0255261-D575-3CCD-D239-58C3E931DA29">
<hideElementsInCurrentOnly>false</hideElementsInCurrentOnly>
<backgroundColor>-16777216</backgroundColor>
<lineWidth>1</lineWidth>
<sourceLabel class="oracle.dbtools.crest.model.design.Label">
<site>0</site>
<labelBounds x="467" y="399" width="57" height="23"/>
<noBackgroundColor>true</noBackgroundColor>
<noForegroundColor>true</noForegroundColor>
</sourceLabel>
<targetLabel class="oracle.dbtools.crest.model.design.Label">
<site>2</site>
<labelBounds x="558" y="425" width="18" height="30"/>
<noBackgroundColor>true</noBackgroundColor>
<noForegroundColor>true</noForegroundColor>
</targetLabel>
<points>
<point x="457" y="422"/>
<point x="582" y="422"/>
</points>
</Connector>
<Connector class="oracle.dbtools.crest.swingui.logical.TVRelation" oid="085AE101-AB30-B093-425F-A53DAA63852F" otype="Relation" vid_source="B4B2EF06-5FB4-3BFD-FFA6-F10448A296D7" vid_target="C3DDF157-11DA-868B-41F7-2057B09A1144">
<hideElementsInCurrentOnly>false</hideElementsInCurrentOnly>
<backgroundColor>-16777216</backgroundColor>
<lineWidth>1</lineWidth>
<sourceLabel class="oracle.dbtools.crest.model.design.Label">
<site>0</site>
<labelBounds x="921" y="334" width="55" height="37"/>
<noBackgroundColor>true</noBackgroundColor>
<noForegroundColor>true</noForegroundColor>
</sourceLabel>
<targetLabel class="oracle.dbtools.crest.model.design.Label">
<site>2</site>
<labelBounds x="921" y="320" width="18" height="30"/>
<noBackgroundColor>true</noBackgroundColor>
<noForegroundColor>true</noForegroundColor>
</targetLabel>
<points>
<point x="921" y="377"/>
<point x="921" y="277"/>
</points>
</Connector>
<Connector class="oracle.dbtools.crest.swingui.logical.TVRelation" oid="0F352DA5-3C13-880A-C5C0-893197516AC0" otype="Relation" vid_source="79E6380E-2AA7-DFF6-BB1B-A049B7591C4D" vid_target="DA65E43B-953C-A3DD-C990-AB22E451D48B">
<hideElementsInCurrentOnly>false</hideElementsInCurrentOnly>
<backgroundColor>-16777216</backgroundColor>
<lineWidth>1</lineWidth>
<sourceLabel class="oracle.dbtools.crest.model.design.Label">
<site>0</site>
<labelBounds x="569" y="734" width="78" height="16"/>
<noBackgroundColor>true</noBackgroundColor>
<noForegroundColor>true</noForegroundColor>
</sourceLabel>
<targetLabel class="oracle.dbtools.crest.model.design.Label">
<site>2</site>
<labelBounds x="562" y="753" width="18" height="36"/>
<noBackgroundColor>true</noBackgroundColor>
<noForegroundColor>true</noForegroundColor>
</targetLabel>
<points>
<point x="653" y="750"/>
<point x="552" y="750"/>
</points>
</Connector>
<Connector class="oracle.dbtools.crest.swingui.logical.TVRelation" oid="151436A2-4A68-FAF3-2EF9-98EC34FF2B34" otype="Relation" vid_source="7ED7D622-649C-9A40-17BB-4480EC9D2411" vid_target="719304A3-A467-00B4-6803-6C065BA9E994">
<hideElementsInCurrentOnly>false</hideElementsInCurrentOnly>
<backgroundColor>-16777216</backgroundColor>
<lineWidth>1</lineWidth>
<sourceLabel class="oracle.dbtools.crest.model.design.Label">
<site>0</site>
<labelBounds x="499" y="221" width="37" height="14"/>
<noBackgroundColor>true</noBackgroundColor>
<noForegroundColor>true</noForegroundColor>
</sourceLabel>
<targetLabel class="oracle.dbtools.crest.model.design.Label">
<site>2</site>
<labelBounds x="594" y="238" width="21" height="30"/>
<noBackgroundColor>true</noBackgroundColor>
<noForegroundColor>true</noForegroundColor>
</targetLabel>
<points>
<point x="489" y="235"/>
<point x="621" y="235"/>
</points>
</Connector>
<Connector class="oracle.dbtools.crest.swingui.logical.TVRelation" oid="161FAFF0-2171-9C95-C8A0-BB89ABCD12D0" otype="Relation" vid_source="F8526186-542E-2B18-104A-66A5EFCCA848" vid_target="E4C2D749-DE2A-0C09-4A99-6D4BEF97AB6D">
<hideElementsInCurrentOnly>false</hideElementsInCurrentOnly>
<backgroundColor>-16777216</backgroundColor>
<lineWidth>1</lineWidth>
<sourceLabel class="oracle.dbtools.crest.model.design.Label">
<site>0</site>
<labelBounds x="228" y="417" width="35" height="19"/>
<noBackgroundColor>true</noBackgroundColor>
<noForegroundColor>true</noForegroundColor>
</sourceLabel>
<targetLabel class="oracle.dbtools.crest.model.design.Label">
<site>2</site>
<labelBounds x="302" y="439" width="18" height="30"/>
<noBackgroundColor>true</noBackgroundColor>
<noForegroundColor>true</noForegroundColor>
</targetLabel>
<points>
<point x="218" y="436"/>
<point x="326" y="436"/>
</points>
</Connector>
<Connector class="oracle.dbtools.crest.swingui.logical.TVRelation" oid="4D9F38CE-70C4-0540-352C-38415E05B8BE" otype="Relation" vid_source="B4B2EF06-5FB4-3BFD-FFA6-F10448A296D7" vid_target="0E5D3B48-FD1A-B7E3-A44F-07FD2D2425D9">
<hideElementsInCurrentOnly>false</hideElementsInCurrentOnly>
<backgroundColor>-16777216</backgroundColor>
<lineWidth>1</lineWidth>
<sourceLabel class="oracle.dbtools.crest.model.design.Label">
<site>0</site>
<labelBounds x="810" y="469" width="31" height="16"/>
<noBackgroundColor>true</noBackgroundColor>
<noForegroundColor>true</noForegroundColor>
</sourceLabel>
<targetLabel class="oracle.dbtools.crest.model.design.Label">
<site>2</site>
<labelBounds x="762" y="488" width="18" height="30"/>
<noBackgroundColor>true</noBackgroundColor>
<noForegroundColor>true</noForegroundColor>
</targetLabel>
<points>
<point x="847" y="485"/>
<point x="752" y="485"/>
</points>
</Connector>
<Connector class="oracle.dbtools.crest.swingui.logical.TVRelation" oid="5BD26447-694B-C715-35CE-EEB7D88A4282" otype="Relation" vid_source="E4C2D749-DE2A-0C09-4A99-6D4BEF97AB6D" vid_target="0E5D3B48-FD1A-B7E3-A44F-07FD2D2425D9">
<hideElementsInCurrentOnly>false</hideElementsInCurrentOnly>
<backgroundColor>-16777216</backgroundColor>
<lineWidth>1</lineWidth>
<sourceLabel class="oracle.dbtools.crest.model.design.Label">
<site>0</site>
<labelBounds x="467" y="454" width="34" height="22"/>
<noBackgroundColor>true</noBackgroundColor>
<noForegroundColor>true</noForegroundColor>
</sourceLabel>
<targetLabel class="oracle.dbtools.crest.model.design.Label">
<site>2</site>
<labelBounds x="557" y="479" width="18" height="30"/>
<noBackgroundColor>true</noBackgroundColor>
<noForegroundColor>true</noForegroundColor>
</targetLabel>
<points>
<point x="457" y="476"/>
<point x="581" y="476"/>
</points>
</Connector>
<Connector class="oracle.dbtools.crest.swingui.logical.TVRelation" oid="5E20F97B-023B-CF57-C772-9002D9216084" otype="Relation" vid_source="A2D7D4B4-3C3C-ED37-2325-B2190F101E41" vid_target="A5D9140E-C1E1-9CAE-FA53-6483C8923672">
<hideElementsInCurrentOnly>false</hideElementsInCurrentOnly>
<backgroundColor>-16777216</backgroundColor>
<lineWidth>1</lineWidth>
<sourceLabel class="oracle.dbtools.crest.model.design.Label">
<site>0</site>
<labelBounds x="549" y="652" width="67" height="18"/>
<noBackgroundColor>true</noBackgroundColor>
<noForegroundColor>true</noForegroundColor>
</sourceLabel>
<targetLabel class="oracle.dbtools.crest.model.design.Label">
<site>2</site>
<labelBounds x="629" y="673" width="18" height="35"/>
<noBackgroundColor>true</noBackgroundColor>
<noForegroundColor>true</noForegroundColor>
</targetLabel>
<points>
<point x="539" y="670"/>
<point x="653" y="670"/>
</points>
</Connector>
<Connector class="oracle.dbtools.crest.swingui.logical.TVRelation" oid="6760DE3B-2CE5-514C-6CAF-A954FA57EE0A" otype="Relation" vid_source="966497D1-93FB-1F81-DBC7-616110AEFEE6" vid_target="7ED7D622-649C-9A40-17BB-4480EC9D2411">
<hideElementsInCurrentOnly>false</hideElementsInCurrentOnly>
<backgroundColor>-16777216</backgroundColor>
<lineWidth>1</lineWidth>
<sourceLabel class="oracle.dbtools.crest.model.design.Label">
<site>0</site>
<labelBounds x="242" y="234" width="38" height="16"/>
<noBackgroundColor>true</noBackgroundColor>
<noForegroundColor>true</noForegroundColor>
</sourceLabel>
<targetLabel class="oracle.dbtools.crest.model.design.Label">
<site>2</site>
<labelBounds x="292" y="253" width="6" height="34"/>
<noBackgroundColor>true</noBackgroundColor>
<noForegroundColor>true</noForegroundColor>
</targetLabel>
<points>
<point x="232" y="250"/>
<point x="304" y="250"/>
</points>
</Connector>
<Connector class="oracle.dbtools.crest.swingui.logical.TVRelation" oid="787B1406-6804-3F39-E1F8-81F63E8D1132" otype="Relation" vid_source="7ED7D622-649C-9A40-17BB-4480EC9D2411" vid_target="E4C2D749-DE2A-0C09-4A99-6D4BEF97AB6D">
<hideElementsInCurrentOnly>false</hideElementsInCurrentOnly>
<backgroundColor>-16777216</backgroundColor>
<lineWidth>1</lineWidth>
<sourceLabel class="oracle.dbtools.crest.model.design.Label">
<site>0</site>
<labelBounds x="391" y="351" width="47" height="11"/>
<noBackgroundColor>true</noBackgroundColor>
<noForegroundColor>true</noForegroundColor>
</sourceLabel>
<targetLabel class="oracle.dbtools.crest.model.design.Label">
<site>2</site>
<labelBounds x="391" y="345" width="48" height="31"/>
<noBackgroundColor>true</noBackgroundColor>
<noForegroundColor>true</noForegroundColor>
</targetLabel>
<points>
<point x="391" y="318"/>
<point x="391" y="406"/>
</points>
</Connector>
<Connector class="oracle.dbtools.crest.swingui.logical.TVRelation" oid="A7CCBF80-49EE-89A6-E269-EFD856191159" otype="Relation" vid_source="7ED7D622-649C-9A40-17BB-4480EC9D2411" vid_target="B4B2EF06-5FB4-3BFD-FFA6-F10448A296D7">
<hideElementsInCurrentOnly>false</hideElementsInCurrentOnly>
<backgroundColor>-16777216</backgroundColor>
<lineWidth>1</lineWidth>
<sourceLabel class="oracle.dbtools.crest.model.design.Label">
<site>0</site>
<labelBounds x="422" y="127" width="60" height="42"/>
<noBackgroundColor>true</noBackgroundColor>
<noForegroundColor>true</noForegroundColor>
</sourceLabel>
<targetLabel class="oracle.dbtools.crest.model.design.Label">
<site>2</site>
<labelBounds x="1000" y="434" width="18" height="30"/>
<noBackgroundColor>true</noBackgroundColor>
<noForegroundColor>true</noForegroundColor>
</targetLabel>
<points>
<point x="422" y="199"/>
<point x="422" y="147"/>
<point x="1126" y="153"/>
<point x="1127" y="431"/>
<point x="990" y="431"/>
</points>
</Connector>
<Connector class="oracle.dbtools.crest.swingui.logical.TVRelation" oid="AA491802-4E6C-4260-0A8E-2DE2F4A996C9" otype="Relation" vid_source="B4B2EF06-5FB4-3BFD-FFA6-F10448A296D7" vid_target="D0255261-D575-3CCD-D239-58C3E931DA29">
<hideElementsInCurrentOnly>false</hideElementsInCurrentOnly>
<backgroundColor>-16777216</backgroundColor>
<lineWidth>1</lineWidth>
<sourceLabel class="oracle.dbtools.crest.model.design.Label">
<site>0</site>
<labelBounds x="797" y="386" width="44" height="22"/>
<noBackgroundColor>true</noBackgroundColor>
<noForegroundColor>true</noForegroundColor>
</sourceLabel>
<targetLabel class="oracle.dbtools.crest.model.design.Label">
<site>2</site>
<labelBounds x="764" y="411" width="21" height="31"/>
<noBackgroundColor>true</noBackgroundColor>
<noForegroundColor>true</noForegroundColor>
</targetLabel>
<points>
<point x="847" y="408"/>
<point x="754" y="408"/>
</points>
</Connector>
<Connector class="oracle.dbtools.crest.swingui.logical.TVRelation" oid="B7463745-B2EF-EB7D-DFAB-3265963D7E65" otype="Relation" vid_source="43D4C71A-5244-EC6D-933C-C9709EE8109A" vid_target="F8526186-542E-2B18-104A-66A5EFCCA848">
<hideElementsInCurrentOnly>false</hideElementsInCurrentOnly>
<backgroundColor>-16777216</backgroundColor>
<lineWidth>1</lineWidth>
<sourceLabel class="oracle.dbtools.crest.model.design.Label">
<site>0</site>
<labelBounds x="162" y="523" width="62" height="53"/>
<noBackgroundColor>true</noBackgroundColor>
<noForegroundColor>true</noForegroundColor>
</sourceLabel>
<targetLabel class="oracle.dbtools.crest.model.design.Label">
<site>2</site>
<labelBounds x="162" y="533" width="18" height="30"/>
<noBackgroundColor>true</noBackgroundColor>
<noForegroundColor>true</noForegroundColor>
</targetLabel>
<points>
<point x="162" y="582"/>
<point x="162" y="466"/>
</points>
</Connector>
<Connector class="oracle.dbtools.crest.swingui.logical.TVRelation" oid="BCD847ED-2A26-B0B4-2BAB-709BAE0366AC" otype="Relation" vid_source="719304A3-A467-00B4-6803-6C065BA9E994" vid_target="7ED7D622-649C-9A40-17BB-4480EC9D2411">
<hideElementsInCurrentOnly>false</hideElementsInCurrentOnly>
<backgroundColor>-16777216</backgroundColor>
<lineWidth>1</lineWidth>
<sourceLabel class="oracle.dbtools.crest.model.design.Label">
<site>0</site>
<labelBounds x="567" y="236" width="48" height="14"/>
<noBackgroundColor>true</noBackgroundColor>
<noForegroundColor>true</noForegroundColor>
</sourceLabel>
<targetLabel class="oracle.dbtools.crest.model.design.Label">
<site>2</site>
<labelBounds x="499" y="253" width="22" height="37"/>
<noBackgroundColor>true</noBackgroundColor>
<noForegroundColor>true</noForegroundColor>
</targetLabel>
<points>
<point x="621" y="250"/>
<point x="489" y="250"/>
</points>
</Connector>
<Connector class="oracle.dbtools.crest.swingui.logical.TVRelation" oid="C2438026-CC88-EC96-806E-DBB658801C48" otype="Relation" vid_source="43D4C71A-5244-EC6D-933C-C9709EE8109A" vid_target="A2D7D4B4-3C3C-ED37-2325-B2190F101E41">
<hideElementsInCurrentOnly>false</hideElementsInCurrentOnly>
<backgroundColor>-16777216</backgroundColor>
<lineWidth>1</lineWidth>
<sourceLabel class="oracle.dbtools.crest.model.design.Label">
<site>0</site>
<labelBounds x="274" y="658" width="34" height="17"/>
<noBackgroundColor>true</noBackgroundColor>
<noForegroundColor>true</noForegroundColor>
</sourceLabel>
<targetLabel class="oracle.dbtools.crest.model.design.Label">
<site>2</site>
<labelBounds x="359" y="678" width="16" height="39"/>
<noBackgroundColor>true</noBackgroundColor>
<noForegroundColor>true</noForegroundColor>
</targetLabel>
<points>
<point x="264" y="675"/>
<point x="381" y="675"/>
</points>
</Connector>
<Connector class="oracle.dbtools.crest.swingui.logical.TVRelation" oid="C86606D8-CB24-5D74-A6E6-7C703F561B93" otype="Relation" vid_source="43D4C71A-5244-EC6D-933C-C9709EE8109A" vid_target="DA65E43B-953C-A3DD-C990-AB22E451D48B">
<hideElementsInCurrentOnly>false</hideElementsInCurrentOnly>
<backgroundColor>-16777216</backgroundColor>
<lineWidth>1</lineWidth>
<sourceLabel class="oracle.dbtools.crest.model.design.Label">
<site>0</site>
<labelBounds x="274" y="732" width="31" height="16"/>
<noBackgroundColor>true</noBackgroundColor>
<noForegroundColor>true</noForegroundColor>
</sourceLabel>
<targetLabel class="oracle.dbtools.crest.model.design.Label">
<site>2</site>
<labelBounds x="358" y="751" width="18" height="30"/>
<noBackgroundColor>true</noBackgroundColor>
<noForegroundColor>true</noForegroundColor>
</targetLabel>
<points>
<point x="264" y="748"/>
<point x="382" y="748"/>
</points>
</Connector>
<Connector class="oracle.dbtools.crest.swingui.logical.TVRelation" oid="FF36F47B-AF1D-B719-B0DB-36D952B30D7D" otype="Relation" vid_source="00AC1F8E-48E0-F4AB-6A48-C81A1D85968D" vid_target="43D4C71A-5244-EC6D-933C-C9709EE8109A">
<hideElementsInCurrentOnly>false</hideElementsInCurrentOnly>
<backgroundColor>-16777216</backgroundColor>
<lineWidth>1</lineWidth>
<sourceLabel class="oracle.dbtools.crest.model.design.Label">
<site>0</site>
<labelBounds x="285" y="589" width="94" height="17"/>
<noBackgroundColor>true</noBackgroundColor>
<noForegroundColor>true</noForegroundColor>
</sourceLabel>
<targetLabel class="oracle.dbtools.crest.model.design.Label">
<site>2</site>
<labelBounds x="274" y="609" width="14" height="47"/>
<noBackgroundColor>true</noBackgroundColor>
<noForegroundColor>true</noForegroundColor>
</targetLabel>
<points>
<point x="385" y="606"/>
<point x="264" y="606"/>
</points>
</Connector>
</connectors>
</Diagram>
