<?xml version = '1.0' encoding = 'UTF-8'?>
<Diagram class="oracle.dbtools.crest.swingui.relational.DPVRelational" name="Relational_1" id="C6219AB2-BFB4-E2C0-1C84-21FD300D410A">
<createdBy>Jay</createdBy>
<modifiedBy>Jay</modifiedBy>
<createdTime>2024-09-15 06:39:02 UTC</createdTime>
<autoRoute>false</autoRoute>
<boxInbox>true</boxInbox>
<showLegend>false</showLegend>
<showLabels>false</showLabels>
<showRelAttributes>false</showRelAttributes>
<gridEnabled>false</gridEnabled>
<showGrid>false</showGrid>
<diagramColor>-1</diagramColor>
<display>false</display>
<notation>1</notation>
<objectViews>
<OView class="oracle.dbtools.crest.swingui.relational.TVTable" oid="0D34DD49-8A5A-3567-ED73-D1BD72C4441D" otype="Table" vid="ED0465A6-69D2-B59C-5061-7E01900CB362">
<hideElementsInCurrentOnly>false</hideElementsInCurrentOnly>
<bounds x="106" y="393" width="112" height="73"/>
</OView>
<OView class="oracle.dbtools.crest.swingui.relational.TVTable" oid="1515EB06-0FC8-31D3-F43A-6F9C5552D5A9" otype="Table" vid="22BD4ECA-E1EC-DBB4-D205-0B7DECEA554D">
<hideElementsInCurrentOnly>false</hideElementsInCurrentOnly>
<bounds x="644" y="211" width="154" height="105"/>
</OView>
<OView class="oracle.dbtools.crest.swingui.relational.TVTable" oid="1CBFBDA0-C246-9E95-BB02-D3008982F55B" otype="Table" vid="466D9022-E3E0-D0C8-ABDD-F3EE16E375BF">
<hideElementsInCurrentOnly>false</hideElementsInCurrentOnly>
<bounds x="653" y="640" width="93" height="56"/>
</OView>
<OView class="oracle.dbtools.crest.swingui.relational.TVTable" oid="1CF689F6-6084-7D30-AD7D-862493721D04" otype="Table" vid="424DFA2C-13D7-E79D-F420-6F5082CAF043">
<hideElementsInCurrentOnly>false</hideElementsInCurrentOnly>
<bounds x="337" y="385" width="131" height="100"/>
</OView>
<OView class="oracle.dbtools.crest.swingui.relational.TVTable" oid="2FAF8A17-9522-1633-5D2B-80D35DC85C64" otype="Table" vid="9242AB5F-9537-8326-F451-A263E4DEB5AE">
<hideElementsInCurrentOnly>false</hideElementsInCurrentOnly>
<bounds x="385" y="577" width="115" height="53"/>
</OView>
<OView class="oracle.dbtools.crest.swingui.relational.TVTable" oid="328CBDE5-9298-5FB0-496C-BA0505F9BCA4" otype="Table" vid="16CB22DD-A43A-7F41-D92B-C7AD619F68F3">
<hideElementsInCurrentOnly>false</hideElementsInCurrentOnly>
<bounds x="582" y="336" width="172" height="103"/>
</OView>
<OView class="oracle.dbtools.crest.swingui.relational.TVTable" oid="3ED76B60-CC3D-8EFF-FB7F-0C13E71B30B9" otype="Table" vid="50C90387-0177-48C0-4DD7-BD453EEE1E60">
<hideElementsInCurrentOnly>false</hideElementsInCurrentOnly>
<bounds x="91" y="199" width="141" height="103"/>
</OView>
<OView class="oracle.dbtools.crest.swingui.relational.TVTable" oid="6EF31D1C-0939-499D-5007-B6E20CB0B693" otype="Table" vid="BE5E695F-BA17-F16F-E26F-86047C149177">
<hideElementsInCurrentOnly>false</hideElementsInCurrentOnly>
<bounds x="81" y="582" width="183" height="193"/>
</OView>
<OView class="oracle.dbtools.crest.swingui.relational.TVTable" oid="725652DF-5CFB-99D7-531F-FCEFBA7F7CB7" otype="Table" vid="114FE3BB-B1A0-9113-872C-5C4E62BD754F">
<hideElementsInCurrentOnly>false</hideElementsInCurrentOnly>
<bounds x="647" y="721" width="101" height="70"/>
</OView>
<OView class="oracle.dbtools.crest.swingui.relational.TVTable" oid="873B8158-ED79-A19D-89E7-0205AEFD6072" otype="Table" vid="959144E2-B69A-D81C-3635-0DBD46DDCF62">
<hideElementsInCurrentOnly>false</hideElementsInCurrentOnly>
<bounds x="870" y="363" width="121" height="116"/>
</OView>
<OView class="oracle.dbtools.crest.swingui.relational.TVTable" oid="880B93EB-1402-DCF6-2CAA-2286D8AF9CEE" otype="Table" vid="CEE6504A-3940-28BE-D3A0-E8C35A6081DB">
<hideElementsInCurrentOnly>false</hideElementsInCurrentOnly>
<bounds x="304" y="199" width="185" height="119"/>
</OView>
<OView class="oracle.dbtools.crest.swingui.relational.TVTable" oid="A96F3024-DDCA-A866-2B52-C282CAE2FAEF" otype="Table" vid="D97FE735-FC52-914C-0F80-8C1372B47A7A">
<hideElementsInCurrentOnly>false</hideElementsInCurrentOnly>
<bounds x="382" y="722" width="170" height="57"/>
</OView>
<OView class="oracle.dbtools.crest.swingui.relational.TVTable" oid="BF1521F9-C5AC-72F0-F98E-FF35757E641D" otype="Table" vid="3AB7EFCB-10DC-46FE-11EA-542CADC836E8">
<hideElementsInCurrentOnly>false</hideElementsInCurrentOnly>
<bounds x="581" y="446" width="171" height="182"/>
</OView>
<OView class="oracle.dbtools.crest.swingui.relational.TVTable" oid="C2BD41AC-AA82-1021-F8D8-46B434D5BC6C" otype="Table" vid="81323B34-E4DA-A85B-4C67-29C692A7AC6C">
<hideElementsInCurrentOnly>false</hideElementsInCurrentOnly>
<bounds x="868" y="211" width="125" height="70"/>
</OView>
<OView class="oracle.dbtools.crest.swingui.relational.TVTable" oid="FD8377CF-5908-422F-C53F-E7B6A35056F5" otype="Table" vid="ACC9C76F-A020-A92E-9824-DDEA348C348E">
<hideElementsInCurrentOnly>false</hideElementsInCurrentOnly>
<bounds x="381" y="645" width="158" height="60"/>
</OView>
</objectViews>
<connectors>
<Connector class="oracle.dbtools.crest.swingui.relational.TVFKRelation" oid="2D275280-5DAD-EFD3-1650-621842F6AC40" otype="FKIndexAssociation" vid_source="114FE3BB-B1A0-9113-872C-5C4E62BD754F" vid_target="D97FE735-FC52-914C-0F80-8C1372B47A7A">
<hideElementsInCurrentOnly>false</hideElementsInCurrentOnly>
<backgroundColor>-16777216</backgroundColor>
<lineWidth>1</lineWidth>
<points>
<point x="647" y="750"/>
<point x="552" y="750"/>
</points>
</Connector>
<Connector class="oracle.dbtools.crest.swingui.relational.TVFKRelation" oid="3336AF38-2631-83BB-F834-9887CD24C08C" otype="FKIndexAssociation" vid_source="9242AB5F-9537-8326-F451-A263E4DEB5AE" vid_target="BE5E695F-BA17-F16F-E26F-86047C149177">
<hideElementsInCurrentOnly>false</hideElementsInCurrentOnly>
<backgroundColor>-16777216</backgroundColor>
<lineWidth>1</lineWidth>
<points>
<point x="385" y="606"/>
<point x="264" y="606"/>
</points>
</Connector>
<Connector class="oracle.dbtools.crest.swingui.relational.TVFKRelation" oid="37F2B581-F098-200F-2BAB-F3527DA0EE38" otype="FKIndexAssociation" vid_source="22BD4ECA-E1EC-DBB4-D205-0B7DECEA554D" vid_target="CEE6504A-3940-28BE-D3A0-E8C35A6081DB">
<hideElementsInCurrentOnly>false</hideElementsInCurrentOnly>
<backgroundColor>-16777216</backgroundColor>
<lineWidth>1</lineWidth>
<points>
<point x="644" y="278"/>
<point x="489" y="278"/>
</points>
</Connector>
<Connector class="oracle.dbtools.crest.swingui.relational.TVFKRelation" oid="5E4436AA-7E98-ACE2-7432-A21F30A700EB" otype="FKIndexAssociation" vid_source="CEE6504A-3940-28BE-D3A0-E8C35A6081DB" vid_target="424DFA2C-13D7-E79D-F420-6F5082CAF043">
<hideElementsInCurrentOnly>false</hideElementsInCurrentOnly>
<backgroundColor>-16777216</backgroundColor>
<lineWidth>1</lineWidth>
<points>
<point x="402" y="318"/>
<point x="402" y="385"/>
</points>
</Connector>
<Connector class="oracle.dbtools.crest.swingui.relational.TVFKRelation" oid="81DA5CAE-AF2D-CEBA-16EA-BC00C024D90A" otype="FKIndexAssociation" vid_source="81323B34-E4DA-A85B-4C67-29C692A7AC6C" vid_target="959144E2-B69A-D81C-3635-0DBD46DDCF62">
<hideElementsInCurrentOnly>false</hideElementsInCurrentOnly>
<backgroundColor>-16777216</backgroundColor>
<lineWidth>1</lineWidth>
<points>
<point x="930" y="281"/>
<point x="930" y="363"/>
</points>
</Connector>
<Connector class="oracle.dbtools.crest.swingui.relational.TVFKRelation" oid="86EE1774-F78C-CE53-8046-4E1B7924BC47" otype="FKIndexAssociation" vid_source="BE5E695F-BA17-F16F-E26F-86047C149177" vid_target="ACC9C76F-A020-A92E-9824-DDEA348C348E">
<hideElementsInCurrentOnly>false</hideElementsInCurrentOnly>
<backgroundColor>-16777216</backgroundColor>
<lineWidth>1</lineWidth>
<points>
<point x="264" y="675"/>
<point x="381" y="675"/>
</points>
</Connector>
<Connector class="oracle.dbtools.crest.swingui.relational.TVFKRelation" oid="8F282EB4-AA12-F4D9-4B45-AAE64F055AA8" otype="FKIndexAssociation" vid_source="424DFA2C-13D7-E79D-F420-6F5082CAF043" vid_target="16CB22DD-A43A-7F41-D92B-C7AD619F68F3">
<hideElementsInCurrentOnly>false</hideElementsInCurrentOnly>
<backgroundColor>-16777216</backgroundColor>
<lineWidth>1</lineWidth>
<points>
<point x="468" y="412"/>
<point x="582" y="418"/>
</points>
</Connector>
<Connector class="oracle.dbtools.crest.swingui.relational.TVFKRelation" oid="AFCF82D4-713E-9569-C25E-B2878F11EDE9" otype="FKIndexAssociation" vid_source="BE5E695F-BA17-F16F-E26F-86047C149177" vid_target="D97FE735-FC52-914C-0F80-8C1372B47A7A">
<hideElementsInCurrentOnly>false</hideElementsInCurrentOnly>
<backgroundColor>-16777216</backgroundColor>
<lineWidth>1</lineWidth>
<points>
<point x="264" y="748"/>
<point x="382" y="748"/>
</points>
</Connector>
<Connector class="oracle.dbtools.crest.swingui.relational.TVFKRelation" oid="BC49A7F8-B21B-F6DB-8AB8-AEA9633ABBC8" otype="FKIndexAssociation" vid_source="959144E2-B69A-D81C-3635-0DBD46DDCF62" vid_target="16CB22DD-A43A-7F41-D92B-C7AD619F68F3">
<hideElementsInCurrentOnly>false</hideElementsInCurrentOnly>
<backgroundColor>-16777216</backgroundColor>
<lineWidth>1</lineWidth>
<points>
<point x="870" y="401"/>
<point x="754" y="398"/>
</points>
</Connector>
<Connector class="oracle.dbtools.crest.swingui.relational.TVFKRelation" oid="CE913DFC-F8B7-E48D-19BA-9F77E57141CB" otype="FKIndexAssociation" vid_source="BE5E695F-BA17-F16F-E26F-86047C149177" vid_target="ED0465A6-69D2-B59C-5061-7E01900CB362">
<hideElementsInCurrentOnly>false</hideElementsInCurrentOnly>
<backgroundColor>-16777216</backgroundColor>
<lineWidth>1</lineWidth>
<points>
<point x="162" y="582"/>
<point x="162" y="466"/>
</points>
</Connector>
<Connector class="oracle.dbtools.crest.swingui.relational.TVFKRelation" oid="D124EF78-CC15-504E-D757-2D30F85556B8" otype="FKIndexAssociation" vid_source="CEE6504A-3940-28BE-D3A0-E8C35A6081DB" vid_target="22BD4ECA-E1EC-DBB4-D205-0B7DECEA554D">
<hideElementsInCurrentOnly>false</hideElementsInCurrentOnly>
<backgroundColor>-16777216</backgroundColor>
<lineWidth>1</lineWidth>
<points>
<point x="489" y="263"/>
<point x="644" y="263"/>
</points>
</Connector>
<Connector class="oracle.dbtools.crest.swingui.relational.TVFKRelation" oid="E7D78855-C06E-C48B-3512-7D4C51880B0F" otype="FKIndexAssociation" vid_source="ED0465A6-69D2-B59C-5061-7E01900CB362" vid_target="424DFA2C-13D7-E79D-F420-6F5082CAF043">
<hideElementsInCurrentOnly>false</hideElementsInCurrentOnly>
<backgroundColor>-16777216</backgroundColor>
<lineWidth>1</lineWidth>
<points>
<point x="218" y="429"/>
<point x="337" y="429"/>
</points>
</Connector>
<Connector class="oracle.dbtools.crest.swingui.relational.TVFKRelation" oid="EABBF06B-71D4-46A1-714E-A87D07D4A316" otype="FKIndexAssociation" vid_source="50C90387-0177-48C0-4DD7-BD453EEE1E60" vid_target="CEE6504A-3940-28BE-D3A0-E8C35A6081DB">
<hideElementsInCurrentOnly>false</hideElementsInCurrentOnly>
<backgroundColor>-16777216</backgroundColor>
<lineWidth>1</lineWidth>
<points>
<point x="232" y="250"/>
<point x="304" y="250"/>
</points>
</Connector>
<Connector class="oracle.dbtools.crest.swingui.relational.TVFKRelation" oid="F1359DFF-21E8-E3C6-9538-CD54A924FB21" otype="FKIndexAssociation" vid_source="466D9022-E3E0-D0C8-ABDD-F3EE16E375BF" vid_target="ACC9C76F-A020-A92E-9824-DDEA348C348E">
<hideElementsInCurrentOnly>false</hideElementsInCurrentOnly>
<backgroundColor>-16777216</backgroundColor>
<lineWidth>1</lineWidth>
<points>
<point x="653" y="670"/>
<point x="539" y="670"/>
</points>
</Connector>
<Connector class="oracle.dbtools.crest.swingui.relational.TVFKRelation" oid="F32D7ED9-36FE-988F-1966-1B7318999688" otype="FKIndexAssociation" vid_source="424DFA2C-13D7-E79D-F420-6F5082CAF043" vid_target="3AB7EFCB-10DC-46FE-11EA-542CADC836E8">
<hideElementsInCurrentOnly>false</hideElementsInCurrentOnly>
<backgroundColor>-16777216</backgroundColor>
<lineWidth>1</lineWidth>
<points>
<point x="468" y="465"/>
<point x="581" y="465"/>
</points>
</Connector>
<Connector class="oracle.dbtools.crest.swingui.relational.TVFKRelation" oid="F33BFF5C-A4BF-CC00-CB8C-E732526E67A9" otype="FKIndexAssociation" vid_source="959144E2-B69A-D81C-3635-0DBD46DDCF62" vid_target="3AB7EFCB-10DC-46FE-11EA-542CADC836E8">
<hideElementsInCurrentOnly>false</hideElementsInCurrentOnly>
<backgroundColor>-16777216</backgroundColor>
<lineWidth>1</lineWidth>
<points>
<point x="870" y="462"/>
<point x="752" y="462"/>
</points>
</Connector>
</connectors>
</Diagram>
