<?xml version = '1.0' encoding = 'UTF-8'?>
<Entity class="oracle.dbtools.crest.model.design.logical.Entity" directorySegmentName="seg_0" id="0F1B7064-AAE5-D01E-75C0-C0EC7ABA0BAF" name="BORROWER_CLASS">
<createdBy>Jay</createdBy>
<createdTime>2024-09-15 12:37:07 UTC</createdTime>
<ownerDesignName>rcl_model</ownerDesignName>
<engineerTo>
<item key="B739ED4A-3D81-CF1D-35E0-DC001DB8B830" value="true"/>
</engineerTo>
<adequatelyNormalized>NO</adequatelyNormalized>
<expectedVolumes>0</expectedVolumes>
<fwdEngineeringStrategyName>Single Table</fwdEngineeringStrategyName>
<growthPercent>0</growthPercent>
<growthType>Year</growthType>
<maxVolumes>9999999</maxVolumes>
<minVolumes>0</minVolumes>
<normalForm>Third</normalForm>
<attributes itemClass="oracle.dbtools.crest.model.design.logical.Attribute">
<Attribute name="bcls_type" id="D682C7E7-09ED-3559-655D-BEDCC06E1850">
<createdBy>Jay</createdBy>
<createdTime>2024-09-15 12:37:16 UTC</createdTime>
<commentInRDBMS><![CDATA[Borrower class type]]></commentInRDBMS>
<ownerDesignName>rcl_model</ownerDesignName>
<engineerTo>
<item key="B739ED4A-3D81-CF1D-35E0-DC001DB8B830" value="true"/>
</engineerTo>
<useDomainConstraints>false</useDomainConstraints>
<use>1</use>
<logicalDatatype>LOGDT024</logicalDatatype>
<dataTypeSize>30</dataTypeSize>
<ownDataTypeParameters>30,,</ownDataTypeParameters>
</Attribute>
<Attribute name="bcls_loan_cnt" id="4ED34122-9CF2-3F58-0FC5-D7A02F599A9A">
<createdBy>Jay</createdBy>
<createdTime>2024-09-15 12:37:17 UTC</createdTime>
<commentInRDBMS><![CDATA[Borrower class loan count]]></commentInRDBMS>
<ownerDesignName>rcl_model</ownerDesignName>
<engineerTo>
<item key="B739ED4A-3D81-CF1D-35E0-DC001DB8B830" value="true"/>
</engineerTo>
<useDomainConstraints>false</useDomainConstraints>
<use>1</use>
<logicalDatatype>LOGDT019</logicalDatatype>
<dataTypePrecision>3</dataTypePrecision>
<ownDataTypeParameters>,3,</ownDataTypeParameters>
</Attribute>
<Attribute name="bcls_loan_time" id="E983B27F-408D-5B2C-6746-0E821CD65E7F">
<createdBy>Jay</createdBy>
<createdTime>2024-09-15 12:37:17 UTC</createdTime>
<commentInRDBMS><![CDATA[Borrower loan period (day)]]></commentInRDBMS>
<ownerDesignName>rcl_model</ownerDesignName>
<engineerTo>
<item key="B739ED4A-3D81-CF1D-35E0-DC001DB8B830" value="true"/>
</engineerTo>
<useDomainConstraints>false</useDomainConstraints>
<use>1</use>
<logicalDatatype>LOGDT019</logicalDatatype>
<dataTypePrecision>3</dataTypePrecision>
<ownDataTypeParameters>,3,</ownDataTypeParameters>
</Attribute>
</attributes>
<identifiers itemClass="oracle.dbtools.crest.model.design.logical.CandidateKey">
<identifier id="279245B6-5C90-69EC-EC38-C536F56EACBB" name="BORROWER_CLASS PK">
<createdBy>Jay</createdBy>
<createdTime>2024-09-15 12:38:54 UTC</createdTime>
<ownerDesignName>rcl_model</ownerDesignName>
<engineerTo>
<item key="B739ED4A-3D81-CF1D-35E0-DC001DB8B830" value="true"/>
</engineerTo>
<pk>true</pk>
<usedAttributes>
<attributeRef>D682C7E7-09ED-3559-655D-BEDCC06E1850</attributeRef>
</usedAttributes>
</identifier>
</identifiers>
</Entity>
