<?xml version = '1.0' encoding = 'UTF-8'?>
<Entity class="oracle.dbtools.crest.model.design.logical.Entity" directorySegmentName="seg_0" id="10C9489F-9A35-CD52-9337-05EB5E719FB8" name="IDENTIFIER">
<createdBy>Jay</createdBy>
<createdTime>2024-09-15 07:31:00 UTC</createdTime>
<ownerDesignName>rcl_model</ownerDesignName>
<engineerTo>
<item key="B739ED4A-3D81-CF1D-35E0-DC001DB8B830" value="true"/>
</engineerTo>
<adequatelyNormalized>NO</adequatelyNormalized>
<expectedVolumes>0</expectedVolumes>
<fwdEngineeringStrategyName>Single Table</fwdEngineeringStrategyName>
<growthPercent>0</growthPercent>
<growthType>Year</growthType>
<maxVolumes>9999999</maxVolumes>
<minVolumes>0</minVolumes>
<normalForm>Third</normalForm>
<attributes itemClass="oracle.dbtools.crest.model.design.logical.Attribute">
<Attribute name="identifier_isbn" id="9E91F5FD-BF4B-047A-7516-254A2EF79C5E">
<createdBy>Jay</createdBy>
<createdTime>2024-09-15 07:31:10 UTC</createdTime>
<commentInRDBMS><![CDATA[Identifier ISBN 13 number]]></commentInRDBMS>
<ownerDesignName>rcl_model</ownerDesignName>
<engineerTo>
<item key="B739ED4A-3D81-CF1D-35E0-DC001DB8B830" value="true"/>
</engineerTo>
<useDomainConstraints>false</useDomainConstraints>
<use>1</use>
<logicalDatatype>LOGDT019</logicalDatatype>
<dataTypePrecision>13</dataTypePrecision>
<ownDataTypeParameters>,13,</ownDataTypeParameters>
</Attribute>
<Attribute name="identifier_type" id="3939E95E-DE22-E7E1-411C-6AEA89251AD0">
<createdBy>Jay</createdBy>
<createdTime>2024-09-15 07:31:10 UTC</createdTime>
<commentInRDBMS><![CDATA[Iidentifier book type]]></commentInRDBMS>
<ownerDesignName>rcl_model</ownerDesignName>
<engineerTo>
<item key="B739ED4A-3D81-CF1D-35E0-DC001DB8B830" value="true"/>
</engineerTo>
<useDomainConstraints>false</useDomainConstraints>
<use>1</use>
<logicalDatatype>LOGDT024</logicalDatatype>
<dataTypeSize>20</dataTypeSize>
<ownDataTypeParameters>20,,</ownDataTypeParameters>
</Attribute>
<Attribute name="catal_call_no" id="AA5625E9-E74F-E8A5-F49C-A092943865EA">
<createdBy>Jay</createdBy>
<createdTime>2024-09-15 13:16:15 UTC</createdTime>
<commentInRDBMS><![CDATA[Catalogue call number]]></commentInRDBMS>
<generatorID>B7463745-B2EF-EB7D-DFAB-3265963D7E65</generatorID>
<ownerDesignName>rcl_model</ownerDesignName>
<engineerTo>
<item key="B739ED4A-3D81-CF1D-35E0-DC001DB8B830" value="true"/>
</engineerTo>
<referedAttribute>06733FE5-7487-7FB0-D9D4-035EFCBCDA89</referedAttribute>
<useDomainConstraints>false</useDomainConstraints>
<use>1</use>
<logicalDatatype>LOGDT024</logicalDatatype>
<dataTypeSize>13</dataTypeSize>
<ownDataTypeParameters>13,,</ownDataTypeParameters>
</Attribute>
</attributes>
<identifiers itemClass="oracle.dbtools.crest.model.design.logical.CandidateKey">
<identifier id="786A4F98-83FE-912D-38C3-E3914CFAFC56" name="ISBN PK">
<createdBy>Jay</createdBy>
<createdTime>2024-09-15 07:31:57 UTC</createdTime>
<ownerDesignName>rcl_model</ownerDesignName>
<engineerTo>
<item key="B739ED4A-3D81-CF1D-35E0-DC001DB8B830" value="true"/>
</engineerTo>
<pk>true</pk>
<usedAttributes>
<attributeRef>9E91F5FD-BF4B-047A-7516-254A2EF79C5E</attributeRef>
</usedAttributes>
</identifier>
</identifiers>
</Entity>
