<?xml version = '1.0' encoding = 'UTF-8'?>
<Entity class="oracle.dbtools.crest.model.design.logical.Entity" directorySegmentName="seg_0" id="16A001C1-D757-32B6-69D0-35A45C3C1913" name="CATALOGUE_SUBJECT">
<createdBy>Jay</createdBy>
<createdTime>2024-09-15 13:58:31 UTC</createdTime>
<ownerDesignName>rcl_model</ownerDesignName>
<engineerTo>
<item key="B739ED4A-3D81-CF1D-35E0-DC001DB8B830" value="true"/>
</engineerTo>
<adequatelyNormalized>NO</adequatelyNormalized>
<expectedVolumes>0</expectedVolumes>
<fwdEngineeringStrategyName>Single Table</fwdEngineeringStrategyName>
<growthPercent>0</growthPercent>
<growthType>Year</growthType>
<maxVolumes>9999999</maxVolumes>
<minVolumes>0</minVolumes>
<normalForm>Third</normalForm>
<attributes itemClass="oracle.dbtools.crest.model.design.logical.Attribute">
<Attribute name="catal_call_no" id="399F1E21-5694-BD09-F6B5-9CB11F5A3CEF">
<createdBy>Jay</createdBy>
<createdTime>2024-09-15 13:59:04 UTC</createdTime>
<commentInRDBMS><![CDATA[Catalogue call number]]></commentInRDBMS>
<generatorID>C2438026-CC88-EC96-806E-DBB658801C48</generatorID>
<ownerDesignName>rcl_model</ownerDesignName>
<engineerTo>
<item key="B739ED4A-3D81-CF1D-35E0-DC001DB8B830" value="true"/>
</engineerTo>
<referedAttribute>06733FE5-7487-7FB0-D9D4-035EFCBCDA89</referedAttribute>
<useDomainConstraints>false</useDomainConstraints>
<use>1</use>
<logicalDatatype>LOGDT024</logicalDatatype>
<dataTypeSize>13</dataTypeSize>
<ownDataTypeParameters>13,,</ownDataTypeParameters>
</Attribute>
<Attribute name="subject_id" id="2178FD2E-7F4B-99C6-CBB7-E1FBC650C859">
<createdBy>Jay</createdBy>
<createdTime>2024-09-15 14:00:05 UTC</createdTime>
<commentInRDBMS><![CDATA[Subject ID]]></commentInRDBMS>
<generatorID>5E20F97B-023B-CF57-C772-9002D9216084</generatorID>
<ownerDesignName>rcl_model</ownerDesignName>
<engineerTo>
<item key="B739ED4A-3D81-CF1D-35E0-DC001DB8B830" value="true"/>
</engineerTo>
<referedAttribute>800F3D05-B022-9C78-F152-CC103B752BC4</referedAttribute>
<useDomainConstraints>false</useDomainConstraints>
<use>1</use>
<logicalDatatype>LOGDT019</logicalDatatype>
<dataTypePrecision>10</dataTypePrecision>
<ownDataTypeParameters>,10,</ownDataTypeParameters>
</Attribute>
</attributes>
<identifiers itemClass="oracle.dbtools.crest.model.design.logical.CandidateKey">
<identifier id="F84D7216-E91B-1381-36C5-E26E097F23A9" name="CATALOGUE_SUBJECT PK">
<createdBy>Jay</createdBy>
<createdTime>2024-09-15 14:04:40 UTC</createdTime>
<ownerDesignName>rcl_model</ownerDesignName>
<engineerTo>
<item key="B739ED4A-3D81-CF1D-35E0-DC001DB8B830" value="true"/>
</engineerTo>
<pk>true</pk>
<usedAttributes>
<attributeRef>399F1E21-5694-BD09-F6B5-9CB11F5A3CEF</attributeRef>
<attributeRef>2178FD2E-7F4B-99C6-CBB7-E1FBC650C859</attributeRef>
</usedAttributes>
</identifier>
</identifiers>
</Entity>
