<?xml version = '1.0' encoding = 'UTF-8'?>
<Entity class="oracle.dbtools.crest.model.design.logical.Entity" directorySegmentName="seg_0" id="1EFB0B7E-AE24-CB1E-126D-AF54E6962563" name="CATALOGUE_AUTHOR">
<createdBy>Jay</createdBy>
<createdTime>2024-09-15 13:54:36 UTC</createdTime>
<ownerDesignName>rcl_model</ownerDesignName>
<engineerTo>
<item key="B739ED4A-3D81-CF1D-35E0-DC001DB8B830" value="true"/>
</engineerTo>
<adequatelyNormalized>NO</adequatelyNormalized>
<expectedVolumes>0</expectedVolumes>
<fwdEngineeringStrategyName>Single Table</fwdEngineeringStrategyName>
<growthPercent>0</growthPercent>
<growthType>Year</growthType>
<maxVolumes>9999999</maxVolumes>
<minVolumes>0</minVolumes>
<normalForm>Third</normalForm>
<attributes itemClass="oracle.dbtools.crest.model.design.logical.Attribute">
<Attribute name="catal_call_no" id="C91C2E29-ED36-04B5-6B4B-4C0773E9E3C9">
<createdBy>Jay</createdBy>
<createdTime>2024-09-15 13:55:50 UTC</createdTime>
<commentInRDBMS><![CDATA[Catalogue call number]]></commentInRDBMS>
<generatorID>C86606D8-CB24-5D74-A6E6-7C703F561B93</generatorID>
<ownerDesignName>rcl_model</ownerDesignName>
<engineerTo>
<item key="B739ED4A-3D81-CF1D-35E0-DC001DB8B830" value="true"/>
</engineerTo>
<referedAttribute>06733FE5-7487-7FB0-D9D4-035EFCBCDA89</referedAttribute>
<useDomainConstraints>false</useDomainConstraints>
<use>1</use>
<logicalDatatype>LOGDT024</logicalDatatype>
<dataTypeSize>13</dataTypeSize>
<ownDataTypeParameters>13,,</ownDataTypeParameters>
</Attribute>
<Attribute name="author_no" id="B057B665-9DD4-5D26-FDF1-9B5E81D77C90">
<createdBy>Jay</createdBy>
<createdTime>2024-09-15 14:02:35 UTC</createdTime>
<commentInRDBMS><![CDATA[Author number]]></commentInRDBMS>
<generatorID>0F352DA5-3C13-880A-C5C0-893197516AC0</generatorID>
<ownerDesignName>rcl_model</ownerDesignName>
<engineerTo>
<item key="B739ED4A-3D81-CF1D-35E0-DC001DB8B830" value="true"/>
</engineerTo>
<referedAttribute>B75ADF8D-A2D7-23D3-175B-832101E0EA0A</referedAttribute>
<useDomainConstraints>false</useDomainConstraints>
<use>1</use>
<logicalDatatype>LOGDT019</logicalDatatype>
<dataTypePrecision>10</dataTypePrecision>
<ownDataTypeParameters>,10,</ownDataTypeParameters>
</Attribute>
</attributes>
<identifiers itemClass="oracle.dbtools.crest.model.design.logical.CandidateKey">
<identifier id="63BD741F-BD2B-F157-D712-B5F3C148FAE5" name="CATALOGUEENTRY_AUTHOR PK">
<createdBy>Jay</createdBy>
<createdTime>2024-09-15 14:04:21 UTC</createdTime>
<ownerDesignName>rcl_model</ownerDesignName>
<engineerTo>
<item key="B739ED4A-3D81-CF1D-35E0-DC001DB8B830" value="true"/>
</engineerTo>
<pk>true</pk>
<usedAttributes>
<attributeRef>C91C2E29-ED36-04B5-6B4B-4C0773E9E3C9</attributeRef>
<attributeRef>B057B665-9DD4-5D26-FDF1-9B5E81D77C90</attributeRef>
</usedAttributes>
</identifier>
</identifiers>
</Entity>
