<?xml version = '1.0' encoding = 'UTF-8'?>
<Entity class="oracle.dbtools.crest.model.design.logical.Entity" directorySegmentName="seg_0" id="20E2B73A-8165-5786-9D77-1455CEEA3057" name="LGA">
<createdBy>Jay</createdBy>
<createdTime>2024-09-15 06:46:26 UTC</createdTime>
<ownerDesignName>rcl_model</ownerDesignName>
<engineerTo>
<item key="B739ED4A-3D81-CF1D-35E0-DC001DB8B830" value="true"/>
</engineerTo>
<adequatelyNormalized>NO</adequatelyNormalized>
<expectedVolumes>0</expectedVolumes>
<fwdEngineeringStrategyName>Single Table</fwdEngineeringStrategyName>
<growthPercent>0</growthPercent>
<growthType>Year</growthType>
<maxVolumes>9999999</maxVolumes>
<minVolumes>0</minVolumes>
<normalForm>Third</normalForm>
<attributes itemClass="oracle.dbtools.crest.model.design.logical.Attribute">
<Attribute name="lga_code" id="A09D1670-B958-DD5B-0A85-BB28A328BB37">
<createdBy>Jay</createdBy>
<createdTime>2024-09-15 06:46:40 UTC</createdTime>
<commentInRDBMS><![CDATA[LGA code]]></commentInRDBMS>
<ownerDesignName>rcl_model</ownerDesignName>
<engineerTo>
<item key="B739ED4A-3D81-CF1D-35E0-DC001DB8B830" value="true"/>
</engineerTo>
<useDomainConstraints>false</useDomainConstraints>
<use>1</use>
<logicalDatatype>LOGDT019</logicalDatatype>
<dataTypePrecision>10</dataTypePrecision>
<ownDataTypeParameters>,10,</ownDataTypeParameters>
</Attribute>
<Attribute name="lga_service_cont_name" id="2AC86C8D-0E1E-17C6-1B78-518C3C41602A">
<createdBy>Jay</createdBy>
<createdTime>2024-09-15 06:46:41 UTC</createdTime>
<commentInRDBMS><![CDATA[LGA service contact name]]></commentInRDBMS>
<ownerDesignName>rcl_model</ownerDesignName>
<engineerTo>
<item key="B739ED4A-3D81-CF1D-35E0-DC001DB8B830" value="true"/>
</engineerTo>
<useDomainConstraints>false</useDomainConstraints>
<use>1</use>
<logicalDatatype>LOGDT024</logicalDatatype>
<dataTypeSize>20</dataTypeSize>
<ownDataTypeParameters>20,,</ownDataTypeParameters>
</Attribute>
<Attribute name="lga_cont_phone_no" id="57DBEEB4-7AEE-22FD-C68B-0CFDCFB2FCDB">
<createdBy>Jay</createdBy>
<createdTime>2024-09-15 06:46:41 UTC</createdTime>
<commentInRDBMS><![CDATA[LGA contact phone number]]></commentInRDBMS>
<ownerDesignName>rcl_model</ownerDesignName>
<engineerTo>
<item key="B739ED4A-3D81-CF1D-35E0-DC001DB8B830" value="true"/>
</engineerTo>
<useDomainConstraints>false</useDomainConstraints>
<use>1</use>
<logicalDatatype>LOGDT024</logicalDatatype>
<dataTypeSize>13</dataTypeSize>
<ownDataTypeParameters>13,,</ownDataTypeParameters>
</Attribute>
<Attribute name="lga_size" id="988DE95E-6C53-3820-0E2D-484432EC9DEB">
<createdBy>Jay</createdBy>
<createdTime>2024-09-15 06:46:41 UTC</createdTime>
<commentInRDBMS><![CDATA[LGA size]]></commentInRDBMS>
<ownerDesignName>rcl_model</ownerDesignName>
<engineerTo>
<item key="B739ED4A-3D81-CF1D-35E0-DC001DB8B830" value="true"/>
</engineerTo>
<useDomainConstraints>false</useDomainConstraints>
<use>1</use>
<logicalDatatype>LOGDT019</logicalDatatype>
<dataTypePrecision>10</dataTypePrecision>
<dataTypeScale>2</dataTypeScale>
<ownDataTypeParameters>,10,2</ownDataTypeParameters>
</Attribute>
<Attribute name="lga_name" id="B333519D-4B9A-7A88-C004-A1D9D44DD92A">
<createdBy>Jay</createdBy>
<createdTime>2024-09-15 07:02:44 UTC</createdTime>
<commentInRDBMS><![CDATA[LGA name]]></commentInRDBMS>
<ownerDesignName>rcl_model</ownerDesignName>
<engineerTo>
<item key="B739ED4A-3D81-CF1D-35E0-DC001DB8B830" value="true"/>
</engineerTo>
<useDomainConstraints>false</useDomainConstraints>
<use>1</use>
<logicalDatatype>LOGDT024</logicalDatatype>
<dataTypeSize>30</dataTypeSize>
<ownDataTypeParameters>30,,</ownDataTypeParameters>
</Attribute>
</attributes>
<identifiers itemClass="oracle.dbtools.crest.model.design.logical.CandidateKey">
<identifier id="6AEE4B81-9B50-689B-3DDE-14B5B622F29A" name=" PK">
<createdBy>Jay</createdBy>
<createdTime>2024-09-15 06:47:36 UTC</createdTime>
<ownerDesignName>rcl_model</ownerDesignName>
<engineerTo>
<item key="B739ED4A-3D81-CF1D-35E0-DC001DB8B830" value="true"/>
</engineerTo>
<pk>true</pk>
<usedAttributes>
<attributeRef>A09D1670-B958-DD5B-0A85-BB28A328BB37</attributeRef>
</usedAttributes>
</identifier>
</identifiers>
</Entity>
