<?xml version = '1.0' encoding = 'UTF-8'?>
<Entity class="oracle.dbtools.crest.model.design.logical.Entity" directorySegmentName="seg_0" id="7863FBEC-7352-E6BF-EA9C-ACEBB73209D9" name="SUBJECT">
<createdBy>Jay</createdBy>
<createdTime>2024-09-15 12:21:26 UTC</createdTime>
<ownerDesignName>rcl_model</ownerDesignName>
<engineerTo>
<item key="B739ED4A-3D81-CF1D-35E0-DC001DB8B830" value="true"/>
</engineerTo>
<adequatelyNormalized>NO</adequatelyNormalized>
<expectedVolumes>0</expectedVolumes>
<fwdEngineeringStrategyName>Single Table</fwdEngineeringStrategyName>
<growthPercent>0</growthPercent>
<growthType>Year</growthType>
<maxVolumes>9999999</maxVolumes>
<minVolumes>0</minVolumes>
<normalForm>Third</normalForm>
<attributes itemClass="oracle.dbtools.crest.model.design.logical.Attribute">
<Attribute name="subject_id" id="800F3D05-B022-9C78-F152-CC103B752BC4">
<createdBy>Jay</createdBy>
<createdTime>2024-09-15 12:23:24 UTC</createdTime>
<commentInRDBMS><![CDATA[Subject ID]]></commentInRDBMS>
<ownerDesignName>rcl_model</ownerDesignName>
<engineerTo>
<item key="B739ED4A-3D81-CF1D-35E0-DC001DB8B830" value="true"/>
</engineerTo>
<useDomainConstraints>false</useDomainConstraints>
<use>1</use>
<logicalDatatype>LOGDT019</logicalDatatype>
<dataTypePrecision>10</dataTypePrecision>
<ownDataTypeParameters>,10,</ownDataTypeParameters>
</Attribute>
<Attribute name="subject_desc" id="9D77DAC0-00BC-2F78-64EB-777346936ED5">
<createdBy>Jay</createdBy>
<createdTime>2024-09-15 12:23:24 UTC</createdTime>
<commentInRDBMS><![CDATA[Subject description]]></commentInRDBMS>
<ownerDesignName>rcl_model</ownerDesignName>
<engineerTo>
<item key="B739ED4A-3D81-CF1D-35E0-DC001DB8B830" value="true"/>
</engineerTo>
<useDomainConstraints>false</useDomainConstraints>
<use>1</use>
<logicalDatatype>LOGDT024</logicalDatatype>
<dataTypeSize>100</dataTypeSize>
<ownDataTypeParameters>100,,</ownDataTypeParameters>
</Attribute>
</attributes>
<identifiers itemClass="oracle.dbtools.crest.model.design.logical.CandidateKey">
<identifier id="01055D6E-D0EE-C74D-12B2-3D2B9D819E4E" name="SUBJECT PK">
<createdBy>Jay</createdBy>
<createdTime>2024-09-15 12:24:08 UTC</createdTime>
<ownerDesignName>rcl_model</ownerDesignName>
<engineerTo>
<item key="B739ED4A-3D81-CF1D-35E0-DC001DB8B830" value="true"/>
</engineerTo>
<pk>true</pk>
<usedAttributes>
<attributeRef>800F3D05-B022-9C78-F152-CC103B752BC4</attributeRef>
</usedAttributes>
</identifier>
</identifiers>
</Entity>
