<?xml version = '1.0' encoding = 'UTF-8'?>
<Entity class="oracle.dbtools.crest.model.design.logical.Entity" directorySegmentName="seg_0" id="86F1B2A3-D29B-4B1B-28E6-D70E1F779D07" name="RESERVE">
<createdBy>jacky</createdBy>
<createdTime>2024-09-16 04:30:41 UTC</createdTime>
<ownerDesignName>rcl_model</ownerDesignName>
<engineerTo>
<item key="B739ED4A-3D81-CF1D-35E0-DC001DB8B830" value="true"/>
</engineerTo>
<adequatelyNormalized>NO</adequatelyNormalized>
<expectedVolumes>0</expectedVolumes>
<fwdEngineeringStrategyName>Single Table</fwdEngineeringStrategyName>
<growthPercent>0</growthPercent>
<growthType>Year</growthType>
<maxVolumes>9999999</maxVolumes>
<minVolumes>0</minVolumes>
<normalForm>Third</normalForm>
<attributes itemClass="oracle.dbtools.crest.model.design.logical.Attribute">
<Attribute name="reserve_no" id="373E0A3C-CB03-DBEC-017A-9D1A85DCC3CC">
<createdBy>Jay</createdBy>
<createdTime>2024-09-16 12:08:01 UTC</createdTime>
<commentInRDBMS><![CDATA[Surrogate key reserve number, there are two existing primary keys, we need to combined them into one primary key as a surrogate key.]]></commentInRDBMS>
<ownerDesignName>rcl_model</ownerDesignName>
<engineerTo>
<item key="B739ED4A-3D81-CF1D-35E0-DC001DB8B830" value="true"/>
</engineerTo>
<useDomainConstraints>false</useDomainConstraints>
<use>1</use>
<logicalDatatype>LOGDT019</logicalDatatype>
<dataTypePrecision>10</dataTypePrecision>
<ownDataTypeParameters>,10,</ownDataTypeParameters>
</Attribute>
<Attribute name="reserve_create_date_time" id="09A824C5-014A-8376-5FF1-CE5E6B8AE0EE">
<createdBy>jacky</createdBy>
<createdTime>2024-09-16 04:30:50 UTC</createdTime>
<commentInRDBMS><![CDATA[Reserve create date and time]]></commentInRDBMS>
<ownerDesignName>rcl_model</ownerDesignName>
<engineerTo>
<item key="B739ED4A-3D81-CF1D-35E0-DC001DB8B830" value="true"/>
</engineerTo>
<useDomainConstraints>false</useDomainConstraints>
<use>1</use>
<logicalDatatype>LOGDT007</logicalDatatype>
<ownDataTypeParameters>,,</ownDataTypeParameters>
</Attribute>
<Attribute name="borrower_no" id="EBB39154-556D-EA65-CF5D-DCA0B1D31C51">
<createdBy>jacky</createdBy>
<createdTime>2024-09-16 04:36:33 UTC</createdTime>
<commentInRDBMS><![CDATA[Borrower number]]></commentInRDBMS>
<generatorID>AA491802-4E6C-4260-0A8E-2DE2F4A996C9</generatorID>
<ownerDesignName>rcl_model</ownerDesignName>
<engineerTo>
<item key="B739ED4A-3D81-CF1D-35E0-DC001DB8B830" value="true"/>
</engineerTo>
<referedAttribute>EDEF0B18-3E33-3E08-E1F3-F407E6586820</referedAttribute>
<useDomainConstraints>false</useDomainConstraints>
<use>1</use>
<logicalDatatype>LOGDT019</logicalDatatype>
<dataTypePrecision>10</dataTypePrecision>
<ownDataTypeParameters>,10,</ownDataTypeParameters>
</Attribute>
<Attribute name="book_copy_id" id="020438DC-9B8A-B0CF-A57F-360A0CD1D049">
<createdBy>Jay</createdBy>
<createdTime>2024-09-16 11:47:55 UTC</createdTime>
<commentInRDBMS><![CDATA[Book copy ID]]></commentInRDBMS>
<generatorID>05E5CD0A-ABB9-9C11-6083-A3C317121036</generatorID>
<ownerDesignName>rcl_model</ownerDesignName>
<engineerTo>
<item key="B739ED4A-3D81-CF1D-35E0-DC001DB8B830" value="true"/>
</engineerTo>
<referedAttribute>B137F12C-0515-BB57-E454-EA98A1149AB0</referedAttribute>
<useDomainConstraints>false</useDomainConstraints>
<use>1</use>
<logicalDatatype>LOGDT019</logicalDatatype>
<dataTypePrecision>10</dataTypePrecision>
<ownDataTypeParameters>,10,</ownDataTypeParameters>
</Attribute>
<Attribute name="branch_code" id="1C93EA03-6B9A-49F7-2222-27A17A01C19B">
<createdBy>Jay</createdBy>
<createdTime>2024-09-16 11:47:56 UTC</createdTime>
<commentInRDBMS><![CDATA[Branch code]]></commentInRDBMS>
<generatorID>05E5CD0A-ABB9-9C11-6083-A3C317121036</generatorID>
<ownerDesignName>rcl_model</ownerDesignName>
<engineerTo>
<item key="B739ED4A-3D81-CF1D-35E0-DC001DB8B830" value="true"/>
</engineerTo>
<referedAttribute>6C81D431-1BBC-7E65-5E95-5DDD73E7EDE2</referedAttribute>
<useDomainConstraints>false</useDomainConstraints>
<use>1</use>
<logicalDatatype>LOGDT019</logicalDatatype>
<dataTypePrecision>8</dataTypePrecision>
<ownDataTypeParameters>,8,</ownDataTypeParameters>
</Attribute>
</attributes>
<identifiers itemClass="oracle.dbtools.crest.model.design.logical.CandidateKey">
<identifier id="3ACAE682-48BC-14C2-36CD-E1848294A884" name="RESERVE PK">
<createdBy>jacky</createdBy>
<createdTime>2024-09-16 04:36:24 UTC</createdTime>
<ownerDesignName>rcl_model</ownerDesignName>
<engineerTo>
<item key="B739ED4A-3D81-CF1D-35E0-DC001DB8B830" value="true"/>
</engineerTo>
<pk>true</pk>
<usedAttributes>
<attributeRef>373E0A3C-CB03-DBEC-017A-9D1A85DCC3CC</attributeRef>
</usedAttributes>
</identifier>
<identifier id="31B52CE6-D77C-A73B-77FD-84DC3A47184B" name="RESERVE_NK">
<createdBy>Jay</createdBy>
<createdTime>2024-09-16 12:07:47 UTC</createdTime>
<ownerDesignName>rcl_model</ownerDesignName>
<engineerTo>
<item key="B739ED4A-3D81-CF1D-35E0-DC001DB8B830" value="true"/>
</engineerTo>
<newElementsIDs>020438DC-9B8A-B0CF-A57F-360A0CD1D049,1C93EA03-6B9A-49F7-2222-27A17A01C19B,EBB39154-556D-EA65-CF5D-DCA0B1D31C51</newElementsIDs>
<usedAttributes>
<attributeRef>020438DC-9B8A-B0CF-A57F-360A0CD1D049</attributeRef>
<attributeRef>1C93EA03-6B9A-49F7-2222-27A17A01C19B</attributeRef>
<attributeRef>EBB39154-556D-EA65-CF5D-DCA0B1D31C51</attributeRef>
</usedAttributes>
</identifier>
</identifiers>
</Entity>
