<?xml version = '1.0' encoding = 'UTF-8'?>
<Entity class="oracle.dbtools.crest.model.design.logical.Entity" directorySegmentName="seg_0" id="9D5A7CA8-16E5-C1E1-B5B8-9E5B2569D101" name="BRANCH">
<createdBy>Jay</createdBy>
<createdTime>2024-09-15 07:09:09 UTC</createdTime>
<ownerDesignName>rcl_model</ownerDesignName>
<engineerTo>
<item key="B739ED4A-3D81-CF1D-35E0-DC001DB8B830" value="true"/>
</engineerTo>
<adequatelyNormalized>NO</adequatelyNormalized>
<expectedVolumes>0</expectedVolumes>
<fwdEngineeringStrategyName>Single Table</fwdEngineeringStrategyName>
<growthPercent>0</growthPercent>
<growthType>Year</growthType>
<maxVolumes>9999999</maxVolumes>
<minVolumes>0</minVolumes>
<normalForm>Third</normalForm>
<attributes itemClass="oracle.dbtools.crest.model.design.logical.Attribute">
<Attribute name="branch_code" id="BFB1F622-8ACB-0A93-3996-D00356934055">
<createdBy>Jay</createdBy>
<createdTime>2024-09-15 07:09:28 UTC</createdTime>
<commentInRDBMS><![CDATA[Branch code]]></commentInRDBMS>
<ownerDesignName>rcl_model</ownerDesignName>
<engineerTo>
<item key="B739ED4A-3D81-CF1D-35E0-DC001DB8B830" value="true"/>
</engineerTo>
<useDomainConstraints>false</useDomainConstraints>
<use>1</use>
<logicalDatatype>LOGDT019</logicalDatatype>
<dataTypePrecision>8</dataTypePrecision>
<ownDataTypeParameters>,8,</ownDataTypeParameters>
</Attribute>
<Attribute name="branch_name" id="422C148D-0076-4487-9A18-C8E971F24D35">
<createdBy>Jay</createdBy>
<createdTime>2024-09-15 07:09:29 UTC</createdTime>
<commentInRDBMS><![CDATA[Branch name]]></commentInRDBMS>
<ownerDesignName>rcl_model</ownerDesignName>
<engineerTo>
<item key="B739ED4A-3D81-CF1D-35E0-DC001DB8B830" value="true"/>
</engineerTo>
<useDomainConstraints>false</useDomainConstraints>
<use>1</use>
<logicalDatatype>LOGDT024</logicalDatatype>
<dataTypeSize>30</dataTypeSize>
<ownDataTypeParameters>30,,</ownDataTypeParameters>
</Attribute>
<Attribute name="branch_address" id="31B4F13C-563F-2248-6863-718F96699400">
<createdBy>Jay</createdBy>
<createdTime>2024-09-15 07:09:29 UTC</createdTime>
<commentInRDBMS><![CDATA[Branch_address]]></commentInRDBMS>
<ownerDesignName>rcl_model</ownerDesignName>
<engineerTo>
<item key="B739ED4A-3D81-CF1D-35E0-DC001DB8B830" value="true"/>
</engineerTo>
<useDomainConstraints>false</useDomainConstraints>
<use>1</use>
<logicalDatatype>LOGDT024</logicalDatatype>
<dataTypeSize>50</dataTypeSize>
<ownDataTypeParameters>50,,</ownDataTypeParameters>
</Attribute>
<Attribute name="branch_cont_phone_no" id="78163F7E-C0F4-AFEC-3F79-09527017438C">
<createdBy>Jay</createdBy>
<createdTime>2024-09-15 07:09:29 UTC</createdTime>
<commentInRDBMS><![CDATA[Branch contact phone number]]></commentInRDBMS>
<ownerDesignName>rcl_model</ownerDesignName>
<engineerTo>
<item key="B739ED4A-3D81-CF1D-35E0-DC001DB8B830" value="true"/>
</engineerTo>
<useDomainConstraints>false</useDomainConstraints>
<use>1</use>
<logicalDatatype>LOGDT019</logicalDatatype>
<dataTypePrecision>13</dataTypePrecision>
<ownDataTypeParameters>,13,</ownDataTypeParameters>
</Attribute>
<Attribute name="lga_code" id="56AF683E-C2D0-9B58-50E4-B5CEA951861C">
<createdBy>Jay</createdBy>
<createdTime>2024-09-15 12:11:17 UTC</createdTime>
<commentInRDBMS><![CDATA[LGA code]]></commentInRDBMS>
<generatorID>6760DE3B-2CE5-514C-6CAF-A954FA57EE0A</generatorID>
<ownerDesignName>rcl_model</ownerDesignName>
<engineerTo>
<item key="B739ED4A-3D81-CF1D-35E0-DC001DB8B830" value="true"/>
</engineerTo>
<referedAttribute>A09D1670-B958-DD5B-0A85-BB28A328BB37</referedAttribute>
<useDomainConstraints>false</useDomainConstraints>
<use>1</use>
<logicalDatatype>LOGDT019</logicalDatatype>
<dataTypePrecision>10</dataTypePrecision>
<ownDataTypeParameters>,10,</ownDataTypeParameters>
</Attribute>
<Attribute name="manager_id" id="AB0ACDAF-D23C-2454-00F8-8120080E9486">
<createdBy>Jay</createdBy>
<createdTime>2024-09-15 13:06:18 UTC</createdTime>
<commentInRDBMS><![CDATA[Manager ID]]></commentInRDBMS>
<generatorID>BCD847ED-2A26-B0B4-2BAB-709BAE0366AC</generatorID>
<ownerDesignName>rcl_model</ownerDesignName>
<engineerTo>
<item key="B739ED4A-3D81-CF1D-35E0-DC001DB8B830" value="true"/>
</engineerTo>
<referedAttribute>EC09A87C-17F7-956D-5063-8AE73BAE2CBE</referedAttribute>
<useDomainConstraints>false</useDomainConstraints>
<use>1</use>
<logicalDatatype>LOGDT019</logicalDatatype>
<dataTypePrecision>10</dataTypePrecision>
<ownDataTypeParameters>,10,</ownDataTypeParameters>
</Attribute>
</attributes>
<identifiers itemClass="oracle.dbtools.crest.model.design.logical.CandidateKey">
<identifier id="7008B0ED-CC20-7442-F94C-57545CCC8BCD" name="BRANCH PK">
<createdBy>Jay</createdBy>
<createdTime>2024-09-15 07:09:31 UTC</createdTime>
<ownerDesignName>rcl_model</ownerDesignName>
<engineerTo>
<item key="B739ED4A-3D81-CF1D-35E0-DC001DB8B830" value="true"/>
</engineerTo>
<pk>true</pk>
<usedAttributes>
<attributeRef>BFB1F622-8ACB-0A93-3996-D00356934055</attributeRef>
</usedAttributes>
</identifier>
</identifiers>
</Entity>
