<?xml version = '1.0' encoding = 'UTF-8'?>
<Entity class="oracle.dbtools.crest.model.design.logical.Entity" directorySegmentName="seg_0" id="ABA9117A-AB00-8D64-7090-D4A70CF3D8B3" name="BOOK_COPY">
<createdBy>Jay</createdBy>
<createdTime>2024-09-15 07:18:23 UTC</createdTime>
<ownerDesignName>rcl_model</ownerDesignName>
<engineerTo>
<item key="B739ED4A-3D81-CF1D-35E0-DC001DB8B830" value="true"/>
</engineerTo>
<adequatelyNormalized>NO</adequatelyNormalized>
<expectedVolumes>0</expectedVolumes>
<fwdEngineeringStrategyName>Single Table</fwdEngineeringStrategyName>
<growthPercent>0</growthPercent>
<growthType>Year</growthType>
<maxVolumes>9999999</maxVolumes>
<minVolumes>0</minVolumes>
<normalForm>Third</normalForm>
<attributes itemClass="oracle.dbtools.crest.model.design.logical.Attribute">
<Attribute name="book_copy_id" id="B137F12C-0515-BB57-E454-EA98A1149AB0">
<createdBy>Jay</createdBy>
<createdTime>2024-09-15 07:18:34 UTC</createdTime>
<commentInRDBMS><![CDATA[Book copy ID]]></commentInRDBMS>
<ownerDesignName>rcl_model</ownerDesignName>
<engineerTo>
<item key="B739ED4A-3D81-CF1D-35E0-DC001DB8B830" value="true"/>
</engineerTo>
<useDomainConstraints>false</useDomainConstraints>
<use>1</use>
<logicalDatatype>LOGDT019</logicalDatatype>
<dataTypePrecision>10</dataTypePrecision>
<ownDataTypeParameters>,10,</ownDataTypeParameters>
</Attribute>
<Attribute name="branch_code" id="6C81D431-1BBC-7E65-5E95-5DDD73E7EDE2">
<createdBy>Jay</createdBy>
<createdTime>2024-09-15 13:11:08 UTC</createdTime>
<commentInRDBMS><![CDATA[Branch code]]></commentInRDBMS>
<generatorID>787B1406-6804-3F39-E1F8-81F63E8D1132</generatorID>
<ownerDesignName>rcl_model</ownerDesignName>
<engineerTo>
<item key="B739ED4A-3D81-CF1D-35E0-DC001DB8B830" value="true"/>
</engineerTo>
<referedAttribute>BFB1F622-8ACB-0A93-3996-D00356934055</referedAttribute>
<useDomainConstraints>false</useDomainConstraints>
<use>1</use>
<logicalDatatype>LOGDT019</logicalDatatype>
<dataTypePrecision>8</dataTypePrecision>
<ownDataTypeParameters>,8,</ownDataTypeParameters>
</Attribute>
<Attribute name="book_counter_status" id="E2CA6219-D253-B801-AEC2-F269F3390888">
<createdBy>Jay</createdBy>
<createdTime>2024-09-15 07:18:34 UTC</createdTime>
<commentInRDBMS><![CDATA[Book counter status (reserve/loan/available)]]></commentInRDBMS>
<ownerDesignName>rcl_model</ownerDesignName>
<engineerTo>
<item key="B739ED4A-3D81-CF1D-35E0-DC001DB8B830" value="true"/>
</engineerTo>
<constraintName>chk_book_counter_status</constraintName>
<useDomainConstraints>false</useDomainConstraints>
<use>1</use>
<logicalDatatype>LOGDT025</logicalDatatype>
<dataTypeSize>1</dataTypeSize>
<listOfValues>
<valueDef value="A" description="Available"/>
<valueDef value="L" description="Loan"/>
<valueDef value="R" description="Reserve"/>
</listOfValues>
<ownDataTypeParameters>1,,</ownDataTypeParameters>
</Attribute>
<Attribute name="book_pur_price" id="90C8177B-23FD-2C7D-2C82-4C7590205699">
<createdBy>Jay</createdBy>
<createdTime>2024-09-15 07:18:35 UTC</createdTime>
<commentInRDBMS><![CDATA[Book purchase price]]></commentInRDBMS>
<ownerDesignName>rcl_model</ownerDesignName>
<engineerTo>
<item key="B739ED4A-3D81-CF1D-35E0-DC001DB8B830" value="true"/>
</engineerTo>
<useDomainConstraints>false</useDomainConstraints>
<use>1</use>
<logicalDatatype>LOGDT019</logicalDatatype>
<dataTypePrecision>8</dataTypePrecision>
<dataTypeScale>2</dataTypeScale>
<ownDataTypeParameters>,8,2</ownDataTypeParameters>
</Attribute>
<Attribute name="identifier_isbn" id="701B6119-E3E6-574E-BFCB-C7FD781CBA60">
<createdBy>Jay</createdBy>
<createdTime>2024-09-15 13:12:33 UTC</createdTime>
<commentInRDBMS><![CDATA[Identifier ISBN 13 number]]></commentInRDBMS>
<generatorID>161FAFF0-2171-9C95-C8A0-BB89ABCD12D0</generatorID>
<ownerDesignName>rcl_model</ownerDesignName>
<engineerTo>
<item key="B739ED4A-3D81-CF1D-35E0-DC001DB8B830" value="true"/>
</engineerTo>
<referedAttribute>9E91F5FD-BF4B-047A-7516-254A2EF79C5E</referedAttribute>
<useDomainConstraints>false</useDomainConstraints>
<use>1</use>
<logicalDatatype>LOGDT019</logicalDatatype>
<dataTypePrecision>13</dataTypePrecision>
<ownDataTypeParameters>,13,</ownDataTypeParameters>
</Attribute>
</attributes>
<identifiers itemClass="oracle.dbtools.crest.model.design.logical.CandidateKey">
<identifier id="91EAF773-EED0-0BC7-21C9-A9FA233F96B2" name="BOOK_COPY PK">
<createdBy>Jay</createdBy>
<createdTime>2024-09-15 07:18:37 UTC</createdTime>
<ownerDesignName>rcl_model</ownerDesignName>
<engineerTo>
<item key="B739ED4A-3D81-CF1D-35E0-DC001DB8B830" value="true"/>
</engineerTo>
<pk>true</pk>
<usedAttributes>
<attributeRef>B137F12C-0515-BB57-E454-EA98A1149AB0</attributeRef>
<attributeRef>6C81D431-1BBC-7E65-5E95-5DDD73E7EDE2</attributeRef>
</usedAttributes>
</identifier>
</identifiers>
</Entity>
