<?xml version = '1.0' encoding = 'UTF-8'?>
<Entity class="oracle.dbtools.crest.model.design.logical.Entity" directorySegmentName="seg_0" id="AF678DBA-7062-03CA-B9CF-DCF36C62ACC1" name="PUBLISHER">
<createdBy>Jay</createdBy>
<createdTime>2024-09-15 07:54:26 UTC</createdTime>
<ownerDesignName>rcl_model</ownerDesignName>
<engineerTo>
<item key="B739ED4A-3D81-CF1D-35E0-DC001DB8B830" value="true"/>
</engineerTo>
<adequatelyNormalized>NO</adequatelyNormalized>
<expectedVolumes>0</expectedVolumes>
<fwdEngineeringStrategyName>Single Table</fwdEngineeringStrategyName>
<growthPercent>0</growthPercent>
<growthType>Year</growthType>
<maxVolumes>9999999</maxVolumes>
<minVolumes>0</minVolumes>
<normalForm>Third</normalForm>
<attributes itemClass="oracle.dbtools.crest.model.design.logical.Attribute">
<Attribute name="publisher_no" id="D741DF24-2C1F-B21C-CC37-A58AF0613290">
<createdBy>Jay</createdBy>
<createdTime>2024-09-15 07:54:36 UTC</createdTime>
<commentInRDBMS><![CDATA[Publisher number]]></commentInRDBMS>
<ownerDesignName>rcl_model</ownerDesignName>
<engineerTo>
<item key="B739ED4A-3D81-CF1D-35E0-DC001DB8B830" value="true"/>
</engineerTo>
<useDomainConstraints>false</useDomainConstraints>
<use>1</use>
<logicalDatatype>LOGDT019</logicalDatatype>
<dataTypePrecision>10</dataTypePrecision>
<ownDataTypeParameters>,10,</ownDataTypeParameters>
</Attribute>
<Attribute name="publisher_name" id="AD7FDCC1-BA94-D9C3-32DB-91AC60AA7A56">
<createdBy>Jay</createdBy>
<createdTime>2024-09-15 07:54:37 UTC</createdTime>
<commentInRDBMS><![CDATA[Publisher name]]></commentInRDBMS>
<ownerDesignName>rcl_model</ownerDesignName>
<engineerTo>
<item key="B739ED4A-3D81-CF1D-35E0-DC001DB8B830" value="true"/>
</engineerTo>
<useDomainConstraints>false</useDomainConstraints>
<use>1</use>
<logicalDatatype>LOGDT024</logicalDatatype>
<dataTypeSize>40</dataTypeSize>
<ownDataTypeParameters>40,,</ownDataTypeParameters>
</Attribute>
</attributes>
<identifiers itemClass="oracle.dbtools.crest.model.design.logical.CandidateKey">
<identifier id="E8FDEF5C-2C16-8992-A700-3560B5E7F908" name="PUBLISHER PK">
<createdBy>Jay</createdBy>
<createdTime>2024-09-15 07:55:02 UTC</createdTime>
<ownerDesignName>rcl_model</ownerDesignName>
<engineerTo>
<item key="B739ED4A-3D81-CF1D-35E0-DC001DB8B830" value="true"/>
</engineerTo>
<pk>true</pk>
<usedAttributes>
<attributeRef>D741DF24-2C1F-B21C-CC37-A58AF0613290</attributeRef>
</usedAttributes>
</identifier>
</identifiers>
</Entity>
