<?xml version = '1.0' encoding = 'UTF-8'?>
<Entity class="oracle.dbtools.crest.model.design.logical.Entity" directorySegmentName="seg_0" id="BC4C27F1-B14C-C116-1709-6306FD52CA39" name="BORROWER">
<createdBy>Jay</createdBy>
<createdTime>2024-09-15 07:28:11 UTC</createdTime>
<ownerDesignName>rcl_model</ownerDesignName>
<engineerTo>
<item key="B739ED4A-3D81-CF1D-35E0-DC001DB8B830" value="true"/>
</engineerTo>
<adequatelyNormalized>NO</adequatelyNormalized>
<expectedVolumes>0</expectedVolumes>
<fwdEngineeringStrategyName>Single Table</fwdEngineeringStrategyName>
<growthPercent>0</growthPercent>
<growthType>Year</growthType>
<maxVolumes>9999999</maxVolumes>
<minVolumes>0</minVolumes>
<normalForm>Third</normalForm>
<attributes itemClass="oracle.dbtools.crest.model.design.logical.Attribute">
<Attribute name="borrower_no" id="EDEF0B18-3E33-3E08-E1F3-F407E6586820">
<createdBy>Jay</createdBy>
<createdTime>2024-09-15 07:28:38 UTC</createdTime>
<commentInRDBMS><![CDATA[Borrower number]]></commentInRDBMS>
<ownerDesignName>rcl_model</ownerDesignName>
<engineerTo>
<item key="B739ED4A-3D81-CF1D-35E0-DC001DB8B830" value="true"/>
</engineerTo>
<useDomainConstraints>false</useDomainConstraints>
<use>1</use>
<logicalDatatype>LOGDT019</logicalDatatype>
<dataTypePrecision>10</dataTypePrecision>
<ownDataTypeParameters>,10,</ownDataTypeParameters>
</Attribute>
<Attribute name="borrower_fname" id="BADE8A38-4980-3ECF-FAEC-85CCB710179F">
<createdBy>Jay</createdBy>
<createdTime>2024-09-15 07:28:39 UTC</createdTime>
<commentInRDBMS><![CDATA[Borrower first name]]></commentInRDBMS>
<ownerDesignName>rcl_model</ownerDesignName>
<engineerTo>
<item key="B739ED4A-3D81-CF1D-35E0-DC001DB8B830" value="true"/>
</engineerTo>
<useDomainConstraints>false</useDomainConstraints>
<use>1</use>
<logicalDatatype>LOGDT024</logicalDatatype>
<dataTypeSize>20</dataTypeSize>
<ownDataTypeParameters>20,,</ownDataTypeParameters>
</Attribute>
<Attribute name="borrower_lname" id="ECC1A194-BA80-2045-2E2A-1CD1AC866A72">
<createdBy>Jay</createdBy>
<createdTime>2024-09-15 07:28:39 UTC</createdTime>
<commentInRDBMS><![CDATA[Borrower last name]]></commentInRDBMS>
<ownerDesignName>rcl_model</ownerDesignName>
<engineerTo>
<item key="B739ED4A-3D81-CF1D-35E0-DC001DB8B830" value="true"/>
</engineerTo>
<useDomainConstraints>false</useDomainConstraints>
<use>1</use>
<logicalDatatype>LOGDT024</logicalDatatype>
<dataTypeSize>20</dataTypeSize>
<ownDataTypeParameters>20,,</ownDataTypeParameters>
</Attribute>
<Attribute name="borrower_address" id="0762AF07-F76C-2492-B83C-892056D5B25E">
<createdBy>Jay</createdBy>
<createdTime>2024-09-15 07:28:39 UTC</createdTime>
<commentInRDBMS><![CDATA[Borrower address]]></commentInRDBMS>
<ownerDesignName>rcl_model</ownerDesignName>
<engineerTo>
<item key="B739ED4A-3D81-CF1D-35E0-DC001DB8B830" value="true"/>
</engineerTo>
<useDomainConstraints>false</useDomainConstraints>
<use>1</use>
<logicalDatatype>LOGDT024</logicalDatatype>
<dataTypeSize>50</dataTypeSize>
<ownDataTypeParameters>50,,</ownDataTypeParameters>
</Attribute>
<Attribute name="borrower_phoneno" id="F385AFDC-249A-DA5F-0573-7A99988D38CD">
<createdBy>Jay</createdBy>
<createdTime>2024-09-15 12:36:00 UTC</createdTime>
<commentInRDBMS><![CDATA[Borrower phone number]]></commentInRDBMS>
<ownerDesignName>rcl_model</ownerDesignName>
<engineerTo>
<item key="B739ED4A-3D81-CF1D-35E0-DC001DB8B830" value="true"/>
</engineerTo>
<useDomainConstraints>false</useDomainConstraints>
<use>1</use>
<logicalDatatype>LOGDT024</logicalDatatype>
<dataTypeSize>13</dataTypeSize>
<ownDataTypeParameters>13,,</ownDataTypeParameters>
</Attribute>
<Attribute name="borrower_status" id="D17FB152-0C4C-F953-3EB8-5F9A4E967A8E">
<createdBy>Jay</createdBy>
<createdTime>2024-09-17 07:33:37 UTC</createdTime>
<commentInRDBMS><![CDATA[Borrower status(permitted and banned)]]></commentInRDBMS>
<ownerDesignName>rcl_model</ownerDesignName>
<engineerTo>
<item key="B739ED4A-3D81-CF1D-35E0-DC001DB8B830" value="true"/>
</engineerTo>
<constraintName>chk_borrower_status</constraintName>
<useDomainConstraints>false</useDomainConstraints>
<use>1</use>
<logicalDatatype>LOGDT025</logicalDatatype>
<dataTypeSize>1</dataTypeSize>
<listOfValues>
<valueDef value="B" description="Banned"/>
<valueDef value="P" description="Permitted"/>
</listOfValues>
<ownDataTypeParameters>1,,</ownDataTypeParameters>
</Attribute>
<Attribute name="bcls_type" id="62AC47EE-A172-EE4A-24DD-1C776A051C16">
<createdBy>Jay</createdBy>
<createdTime>2024-09-15 13:22:21 UTC</createdTime>
<commentInRDBMS><![CDATA[Borrower class type]]></commentInRDBMS>
<generatorID>085AE101-AB30-B093-425F-A53DAA63852F</generatorID>
<ownerDesignName>rcl_model</ownerDesignName>
<engineerTo>
<item key="B739ED4A-3D81-CF1D-35E0-DC001DB8B830" value="true"/>
</engineerTo>
<referedAttribute>D682C7E7-09ED-3559-655D-BEDCC06E1850</referedAttribute>
<useDomainConstraints>false</useDomainConstraints>
<use>1</use>
<logicalDatatype>LOGDT024</logicalDatatype>
<dataTypeSize>30</dataTypeSize>
<ownDataTypeParameters>30,,</ownDataTypeParameters>
</Attribute>
<Attribute name="branch_code" id="535FE068-59E4-4F34-8494-6728EB0F5B0A">
<createdBy>Jay</createdBy>
<createdTime>2024-09-17 08:55:30 UTC</createdTime>
<commentInRDBMS><![CDATA[Branch code]]></commentInRDBMS>
<generatorID>A7CCBF80-49EE-89A6-E269-EFD856191159</generatorID>
<ownerDesignName>rcl_model</ownerDesignName>
<engineerTo>
<item key="B739ED4A-3D81-CF1D-35E0-DC001DB8B830" value="true"/>
</engineerTo>
<referedAttribute>BFB1F622-8ACB-0A93-3996-D00356934055</referedAttribute>
<useDomainConstraints>false</useDomainConstraints>
<use>1</use>
<logicalDatatype>LOGDT019</logicalDatatype>
<dataTypePrecision>8</dataTypePrecision>
<ownDataTypeParameters>,8,</ownDataTypeParameters>
</Attribute>
</attributes>
<identifiers itemClass="oracle.dbtools.crest.model.design.logical.CandidateKey">
<identifier id="67426081-C080-61AD-D708-DDB7158F3326" name="BORROWER PK">
<createdBy>Jay</createdBy>
<createdTime>2024-09-15 07:28:59 UTC</createdTime>
<ownerDesignName>rcl_model</ownerDesignName>
<engineerTo>
<item key="B739ED4A-3D81-CF1D-35E0-DC001DB8B830" value="true"/>
</engineerTo>
<pk>true</pk>
<usedAttributes>
<attributeRef>EDEF0B18-3E33-3E08-E1F3-F407E6586820</attributeRef>
</usedAttributes>
</identifier>
</identifiers>
</Entity>
