<?xml version = '1.0' encoding = 'UTF-8'?>
<Entity class="oracle.dbtools.crest.model.design.logical.Entity" directorySegmentName="seg_0" id="E909CA7B-02A3-B24E-EB83-265273428BDD" name="LOAN">
<createdBy>Jay</createdBy>
<createdTime>2024-09-15 07:25:13 UTC</createdTime>
<ownerDesignName>rcl_model</ownerDesignName>
<engineerTo>
<item key="B739ED4A-3D81-CF1D-35E0-DC001DB8B830" value="true"/>
</engineerTo>
<adequatelyNormalized>NO</adequatelyNormalized>
<expectedVolumes>0</expectedVolumes>
<fwdEngineeringStrategyName>Single Table</fwdEngineeringStrategyName>
<growthPercent>0</growthPercent>
<growthType>Year</growthType>
<maxVolumes>9999999</maxVolumes>
<minVolumes>0</minVolumes>
<normalForm>Third</normalForm>
<attributes itemClass="oracle.dbtools.crest.model.design.logical.Attribute">
<Attribute name="loan_no" id="3C118DC9-6E4A-608B-75FC-452631B6FCC7">
<createdBy>Jay</createdBy>
<createdTime>2024-09-16 11:58:21 UTC</createdTime>
<commentInRDBMS><![CDATA[Surrogate key loan number, there are three primary keys, we need to combined them into one primary key.]]></commentInRDBMS>
<ownerDesignName>rcl_model</ownerDesignName>
<engineerTo>
<item key="B739ED4A-3D81-CF1D-35E0-DC001DB8B830" value="true"/>
</engineerTo>
<useDomainConstraints>false</useDomainConstraints>
<use>1</use>
<logicalDatatype>LOGDT019</logicalDatatype>
<dataTypePrecision>10</dataTypePrecision>
<ownDataTypeParameters>,10,</ownDataTypeParameters>
</Attribute>
<Attribute name="loan_order_date_time" id="1CFB732E-3258-7F15-E156-063F43C6EAE8">
<createdBy>Jay</createdBy>
<createdTime>2024-09-15 07:25:21 UTC</createdTime>
<commentInRDBMS><![CDATA[Loan order date and time]]></commentInRDBMS>
<ownerDesignName>rcl_model</ownerDesignName>
<engineerTo>
<item key="B739ED4A-3D81-CF1D-35E0-DC001DB8B830" value="true"/>
</engineerTo>
<useDomainConstraints>false</useDomainConstraints>
<use>1</use>
<logicalDatatype>LOGDT007</logicalDatatype>
<ownDataTypeParameters>,,</ownDataTypeParameters>
</Attribute>
<Attribute name="loan_amount" id="797EE95C-072A-BB4F-6E28-44F26119E0BF">
<createdBy>Jay</createdBy>
<createdTime>2024-09-15 07:25:22 UTC</createdTime>
<commentInRDBMS><![CDATA[Loan amount]]></commentInRDBMS>
<ownerDesignName>rcl_model</ownerDesignName>
<engineerTo>
<item key="B739ED4A-3D81-CF1D-35E0-DC001DB8B830" value="true"/>
</engineerTo>
<useDomainConstraints>false</useDomainConstraints>
<use>1</use>
<logicalDatatype>LOGDT019</logicalDatatype>
<dataTypePrecision>5</dataTypePrecision>
<ownDataTypeParameters>,5,</ownDataTypeParameters>
</Attribute>
<Attribute name="loan_duedate" id="95AD20F0-EBEB-1727-0704-FEBCF858BF69">
<createdBy>Jay</createdBy>
<createdTime>2024-09-15 07:25:22 UTC</createdTime>
<commentInRDBMS><![CDATA[Loan due date]]></commentInRDBMS>
<ownerDesignName>rcl_model</ownerDesignName>
<engineerTo>
<item key="B739ED4A-3D81-CF1D-35E0-DC001DB8B830" value="true"/>
</engineerTo>
<useDomainConstraints>false</useDomainConstraints>
<use>1</use>
<logicalDatatype>LOGDT007</logicalDatatype>
<ownDataTypeParameters>,,</ownDataTypeParameters>
</Attribute>
<Attribute name="loan_return_date_time" id="58C27906-A93E-91B2-EB64-11DEE07648C7">
<createdBy>Jay</createdBy>
<createdTime>2024-09-15 07:25:22 UTC</createdTime>
<commentInRDBMS><![CDATA[Loan return date and time]]></commentInRDBMS>
<ownerDesignName>rcl_model</ownerDesignName>
<engineerTo>
<item key="B739ED4A-3D81-CF1D-35E0-DC001DB8B830" value="true"/>
</engineerTo>
<nullsAllowed>true</nullsAllowed>
<useDomainConstraints>false</useDomainConstraints>
<use>1</use>
<logicalDatatype>LOGDT007</logicalDatatype>
<ownDataTypeParameters>,,</ownDataTypeParameters>
</Attribute>
<Attribute name="loan_fine_amount" id="CC80931C-28D0-BFCB-5091-FC099D4873AE">
<createdBy>Jay</createdBy>
<createdTime>2024-09-16 11:09:38 UTC</createdTime>
<commentInRDBMS><![CDATA[Loan fine amount]]></commentInRDBMS>
<ownerDesignName>rcl_model</ownerDesignName>
<engineerTo>
<item key="B739ED4A-3D81-CF1D-35E0-DC001DB8B830" value="true"/>
</engineerTo>
<nullsAllowed>true</nullsAllowed>
<useDomainConstraints>false</useDomainConstraints>
<use>1</use>
<logicalDatatype>LOGDT019</logicalDatatype>
<dataTypePrecision>7</dataTypePrecision>
<dataTypeScale>2</dataTypeScale>
<ownDataTypeParameters>,7,2</ownDataTypeParameters>
</Attribute>
<Attribute name="loan_fine_paid_date" id="0FF266A5-3B8B-5926-06B6-3646CD869790">
<createdBy>Jay</createdBy>
<createdTime>2024-09-16 11:09:48 UTC</createdTime>
<commentInRDBMS><![CDATA[Loan fine paid date]]></commentInRDBMS>
<ownerDesignName>rcl_model</ownerDesignName>
<engineerTo>
<item key="B739ED4A-3D81-CF1D-35E0-DC001DB8B830" value="true"/>
</engineerTo>
<nullsAllowed>true</nullsAllowed>
<useDomainConstraints>false</useDomainConstraints>
<use>1</use>
<logicalDatatype>LOGDT007</logicalDatatype>
<ownDataTypeParameters>,,</ownDataTypeParameters>
</Attribute>
<Attribute name="book_copy_id" id="34017F7B-828E-265B-91BC-7A163037CCF9">
<createdBy>Jay</createdBy>
<createdTime>2024-09-16 11:47:55 UTC</createdTime>
<commentInRDBMS><![CDATA[Book copy ID]]></commentInRDBMS>
<generatorID>5BD26447-694B-C715-35CE-EEB7D88A4282</generatorID>
<ownerDesignName>rcl_model</ownerDesignName>
<engineerTo>
<item key="B739ED4A-3D81-CF1D-35E0-DC001DB8B830" value="true"/>
</engineerTo>
<referedAttribute>B137F12C-0515-BB57-E454-EA98A1149AB0</referedAttribute>
<useDomainConstraints>false</useDomainConstraints>
<use>1</use>
<logicalDatatype>LOGDT019</logicalDatatype>
<dataTypePrecision>10</dataTypePrecision>
<ownDataTypeParameters>,10,</ownDataTypeParameters>
</Attribute>
<Attribute name="branch_code" id="C14DA829-713A-5DD9-3E3C-FFAA29C5AF17">
<createdBy>Jay</createdBy>
<createdTime>2024-09-16 11:47:56 UTC</createdTime>
<commentInRDBMS><![CDATA[Branch code]]></commentInRDBMS>
<generatorID>5BD26447-694B-C715-35CE-EEB7D88A4282</generatorID>
<ownerDesignName>rcl_model</ownerDesignName>
<engineerTo>
<item key="B739ED4A-3D81-CF1D-35E0-DC001DB8B830" value="true"/>
</engineerTo>
<referedAttribute>6C81D431-1BBC-7E65-5E95-5DDD73E7EDE2</referedAttribute>
<useDomainConstraints>false</useDomainConstraints>
<use>1</use>
<logicalDatatype>LOGDT019</logicalDatatype>
<dataTypePrecision>8</dataTypePrecision>
<ownDataTypeParameters>,8,</ownDataTypeParameters>
</Attribute>
<Attribute name="borrower_no" id="415A8394-79A8-D87E-2A15-7F0B134A7DFA">
<createdBy>Jay</createdBy>
<createdTime>2024-09-15 13:14:58 UTC</createdTime>
<commentInRDBMS><![CDATA[Borrower number]]></commentInRDBMS>
<generatorID>4D9F38CE-70C4-0540-352C-38415E05B8BE</generatorID>
<ownerDesignName>rcl_model</ownerDesignName>
<engineerTo>
<item key="B739ED4A-3D81-CF1D-35E0-DC001DB8B830" value="true"/>
</engineerTo>
<referedAttribute>EDEF0B18-3E33-3E08-E1F3-F407E6586820</referedAttribute>
<useDomainConstraints>false</useDomainConstraints>
<use>1</use>
<logicalDatatype>LOGDT019</logicalDatatype>
<dataTypePrecision>10</dataTypePrecision>
<ownDataTypeParameters>,10,</ownDataTypeParameters>
</Attribute>
</attributes>
<identifiers itemClass="oracle.dbtools.crest.model.design.logical.CandidateKey">
<identifier id="E489397E-7390-7974-214B-3C0A7D04EB60" name="LOAN PK">
<createdBy>Jay</createdBy>
<createdTime>2024-09-15 07:25:26 UTC</createdTime>
<ownerDesignName>rcl_model</ownerDesignName>
<engineerTo>
<item key="B739ED4A-3D81-CF1D-35E0-DC001DB8B830" value="true"/>
</engineerTo>
<pk>true</pk>
<usedAttributes>
<attributeRef>3C118DC9-6E4A-608B-75FC-452631B6FCC7</attributeRef>
</usedAttributes>
</identifier>
<identifier id="D5695F9F-756C-410D-9018-8B9C4CA40E96" name="LOAN_NK">
<createdBy>Jay</createdBy>
<createdTime>2024-09-16 12:00:38 UTC</createdTime>
<ownerDesignName>rcl_model</ownerDesignName>
<engineerTo>
<item key="B739ED4A-3D81-CF1D-35E0-DC001DB8B830" value="true"/>
</engineerTo>
<newElementsIDs>1CFB732E-3258-7F15-E156-063F43C6EAE8,34017F7B-828E-265B-91BC-7A163037CCF9,C14DA829-713A-5DD9-3E3C-FFAA29C5AF17</newElementsIDs>
<usedAttributes>
<attributeRef>1CFB732E-3258-7F15-E156-063F43C6EAE8</attributeRef>
<attributeRef>34017F7B-828E-265B-91BC-7A163037CCF9</attributeRef>
<attributeRef>C14DA829-713A-5DD9-3E3C-FFAA29C5AF17</attributeRef>
</usedAttributes>
</identifier>
</identifiers>
</Entity>
