<?xml version = '1.0' encoding = 'UTF-8'?>
<Entity class="oracle.dbtools.crest.model.design.logical.Entity" directorySegmentName="seg_0" id="FE400214-FBD4-C743-3DD4-DDEFBF59FB05" name="AUTHOR">
<createdBy>Jay</createdBy>
<createdTime>2024-09-15 07:50:33 UTC</createdTime>
<ownerDesignName>rcl_model</ownerDesignName>
<engineerTo>
<item key="B739ED4A-3D81-CF1D-35E0-DC001DB8B830" value="true"/>
</engineerTo>
<adequatelyNormalized>NO</adequatelyNormalized>
<expectedVolumes>0</expectedVolumes>
<fwdEngineeringStrategyName>Single Table</fwdEngineeringStrategyName>
<growthPercent>0</growthPercent>
<growthType>Year</growthType>
<maxVolumes>9999999</maxVolumes>
<minVolumes>0</minVolumes>
<normalForm>Third</normalForm>
<attributes itemClass="oracle.dbtools.crest.model.design.logical.Attribute">
<Attribute name="author_no" id="B75ADF8D-A2D7-23D3-175B-832101E0EA0A">
<createdBy>Jay</createdBy>
<createdTime>2024-09-15 07:50:49 UTC</createdTime>
<commentInRDBMS><![CDATA[Author number]]></commentInRDBMS>
<ownerDesignName>rcl_model</ownerDesignName>
<engineerTo>
<item key="B739ED4A-3D81-CF1D-35E0-DC001DB8B830" value="true"/>
</engineerTo>
<useDomainConstraints>false</useDomainConstraints>
<use>1</use>
<logicalDatatype>LOGDT019</logicalDatatype>
<dataTypePrecision>10</dataTypePrecision>
<ownDataTypeParameters>,10,</ownDataTypeParameters>
</Attribute>
<Attribute name="author_fname" id="955D4B32-1471-C15D-58FF-7EA68F8E4887">
<createdBy>Jay</createdBy>
<createdTime>2024-09-15 07:50:48 UTC</createdTime>
<commentInRDBMS><![CDATA[Author first name]]></commentInRDBMS>
<ownerDesignName>rcl_model</ownerDesignName>
<engineerTo>
<item key="B739ED4A-3D81-CF1D-35E0-DC001DB8B830" value="true"/>
</engineerTo>
<useDomainConstraints>false</useDomainConstraints>
<use>1</use>
<logicalDatatype>LOGDT024</logicalDatatype>
<dataTypeSize>20</dataTypeSize>
<ownDataTypeParameters>20,,</ownDataTypeParameters>
</Attribute>
<Attribute name="author_lname" id="077BE94B-108A-7D99-6D97-E1A7C6C5842B">
<createdBy>Jay</createdBy>
<createdTime>2024-09-15 07:50:48 UTC</createdTime>
<commentInRDBMS><![CDATA[Author last name]]></commentInRDBMS>
<ownerDesignName>rcl_model</ownerDesignName>
<engineerTo>
<item key="B739ED4A-3D81-CF1D-35E0-DC001DB8B830" value="true"/>
</engineerTo>
<useDomainConstraints>false</useDomainConstraints>
<use>1</use>
<logicalDatatype>LOGDT024</logicalDatatype>
<dataTypeSize>20</dataTypeSize>
<ownDataTypeParameters>20,,</ownDataTypeParameters>
</Attribute>
</attributes>
<identifiers itemClass="oracle.dbtools.crest.model.design.logical.CandidateKey">
<identifier id="B7166192-01EB-517F-E071-8F4101BED652" name="AUTHOR PK">
<createdBy>Jay</createdBy>
<createdTime>2024-09-15 07:53:20 UTC</createdTime>
<ownerDesignName>rcl_model</ownerDesignName>
<engineerTo>
<item key="B739ED4A-3D81-CF1D-35E0-DC001DB8B830" value="true"/>
</engineerTo>
<pk>true</pk>
<usedAttributes>
<attributeRef>B75ADF8D-A2D7-23D3-175B-832101E0EA0A</attributeRef>
</usedAttributes>
</identifier>
</identifiers>
</Entity>
