<?xml version = '1.0' encoding = 'UTF-8'?>
<Entity class="oracle.dbtools.crest.model.design.logical.Entity" directorySegmentName="seg_0" id="FF71328C-8CEB-16F6-B4AD-9B63DBFF60C4" name="CATALOGUE">
<createdBy>Jay</createdBy>
<createdTime>2024-09-15 07:34:13 UTC</createdTime>
<ownerDesignName>rcl_model</ownerDesignName>
<engineerTo>
<item key="B739ED4A-3D81-CF1D-35E0-DC001DB8B830" value="true"/>
</engineerTo>
<adequatelyNormalized>NO</adequatelyNormalized>
<expectedVolumes>0</expectedVolumes>
<fwdEngineeringStrategyName>Single Table</fwdEngineeringStrategyName>
<growthPercent>0</growthPercent>
<growthType>Year</growthType>
<maxVolumes>9999999</maxVolumes>
<minVolumes>0</minVolumes>
<normalForm>Third</normalForm>
<attributes itemClass="oracle.dbtools.crest.model.design.logical.Attribute">
<Attribute name="catal_call_no" id="06733FE5-7487-7FB0-D9D4-035EFCBCDA89">
<createdBy>Jay</createdBy>
<createdTime>2024-09-15 07:34:33 UTC</createdTime>
<commentInRDBMS><![CDATA[Catalogue call number]]></commentInRDBMS>
<ownerDesignName>rcl_model</ownerDesignName>
<engineerTo>
<item key="B739ED4A-3D81-CF1D-35E0-DC001DB8B830" value="true"/>
</engineerTo>
<useDomainConstraints>false</useDomainConstraints>
<use>1</use>
<logicalDatatype>LOGDT024</logicalDatatype>
<dataTypeSize>13</dataTypeSize>
<ownDataTypeParameters>13,,</ownDataTypeParameters>
</Attribute>
<Attribute name="catal_content" id="398A9D5B-57B5-1E18-AD8A-7BF992E6E5BF">
<createdBy>Jay</createdBy>
<createdTime>2024-09-15 07:34:34 UTC</createdTime>
<commentInRDBMS><![CDATA[Catalogue content]]></commentInRDBMS>
<ownerDesignName>rcl_model</ownerDesignName>
<engineerTo>
<item key="B739ED4A-3D81-CF1D-35E0-DC001DB8B830" value="true"/>
</engineerTo>
<useDomainConstraints>false</useDomainConstraints>
<use>1</use>
<logicalDatatype>LOGDT024</logicalDatatype>
<dataTypeSize>2000</dataTypeSize>
<ownDataTypeParameters>2000,,</ownDataTypeParameters>
</Attribute>
<Attribute name="catal_title" id="EBD9A70F-8515-88A8-EA0F-A23726F764A4">
<createdBy>Jay</createdBy>
<createdTime>2024-09-15 07:34:33 UTC</createdTime>
<commentInRDBMS><![CDATA[Catalogue title]]></commentInRDBMS>
<ownerDesignName>rcl_model</ownerDesignName>
<engineerTo>
<item key="B739ED4A-3D81-CF1D-35E0-DC001DB8B830" value="true"/>
</engineerTo>
<useDomainConstraints>false</useDomainConstraints>
<use>1</use>
<logicalDatatype>LOGDT024</logicalDatatype>
<dataTypeSize>50</dataTypeSize>
<ownDataTypeParameters>50,,</ownDataTypeParameters>
</Attribute>
<Attribute name="catal_date_published" id="B9FEA789-8DD6-6564-B94F-DCAF0F646EC3">
<createdBy>Jay</createdBy>
<createdTime>2024-09-15 07:34:33 UTC</createdTime>
<commentInRDBMS><![CDATA[Catalogue published year]]></commentInRDBMS>
<ownerDesignName>rcl_model</ownerDesignName>
<engineerTo>
<item key="B739ED4A-3D81-CF1D-35E0-DC001DB8B830" value="true"/>
</engineerTo>
<useDomainConstraints>false</useDomainConstraints>
<use>1</use>
<logicalDatatype>LOGDT025</logicalDatatype>
<dataTypeSize>4</dataTypeSize>
<ownDataTypeParameters>4,,</ownDataTypeParameters>
</Attribute>
<Attribute name="catal_classification" id="20EE52D5-7153-F705-E3F9-248B9A601956">
<createdBy>Jay</createdBy>
<createdTime>2024-09-15 07:34:34 UTC</createdTime>
<commentInRDBMS><![CDATA[Catalogue classification(fiction or reference)]]></commentInRDBMS>
<ownerDesignName>rcl_model</ownerDesignName>
<engineerTo>
<item key="B739ED4A-3D81-CF1D-35E0-DC001DB8B830" value="true"/>
</engineerTo>
<constraintName>chk_catal_classification</constraintName>
<useDomainConstraints>false</useDomainConstraints>
<use>1</use>
<logicalDatatype>LOGDT025</logicalDatatype>
<dataTypeSize>1</dataTypeSize>
<listOfValues>
<valueDef value="F" description="Fiction"/>
<valueDef value="R" description="Reference"/>
</listOfValues>
<ownDataTypeParameters>1,,</ownDataTypeParameters>
</Attribute>
<Attribute name="catal_page_no" id="F9751271-0890-3A8C-A203-0974B9B15A24">
<createdBy>Jay</createdBy>
<createdTime>2024-09-15 07:34:35 UTC</createdTime>
<commentInRDBMS><![CDATA[Catalogue page number]]></commentInRDBMS>
<ownerDesignName>rcl_model</ownerDesignName>
<engineerTo>
<item key="B739ED4A-3D81-CF1D-35E0-DC001DB8B830" value="true"/>
</engineerTo>
<useDomainConstraints>false</useDomainConstraints>
<use>1</use>
<logicalDatatype>LOGDT019</logicalDatatype>
<dataTypePrecision>5</dataTypePrecision>
<ownDataTypeParameters>,5,</ownDataTypeParameters>
</Attribute>
<Attribute name="catal_reading_level" id="904D70E3-F7B2-FA28-C39B-405DFEF9B43C">
<createdBy>Jay</createdBy>
<createdTime>2024-09-15 07:34:35 UTC</createdTime>
<commentInRDBMS><![CDATA[Catalague reading level(1-30)]]></commentInRDBMS>
<ownerDesignName>rcl_model</ownerDesignName>
<engineerTo>
<item key="B739ED4A-3D81-CF1D-35E0-DC001DB8B830" value="true"/>
</engineerTo>
<useDomainConstraints>false</useDomainConstraints>
<use>1</use>
<logicalDatatype>LOGDT019</logicalDatatype>
<dataTypePrecision>2</dataTypePrecision>
<ownDataTypeParameters>,2,</ownDataTypeParameters>
</Attribute>
<Attribute name="catal_language" id="A2093593-D8DD-801D-61D6-755DE66234FB">
<createdBy>Jay</createdBy>
<createdTime>2024-09-15 12:30:25 UTC</createdTime>
<commentInRDBMS><![CDATA[Catalogue language]]></commentInRDBMS>
<ownerDesignName>rcl_model</ownerDesignName>
<engineerTo>
<item key="B739ED4A-3D81-CF1D-35E0-DC001DB8B830" value="true"/>
</engineerTo>
<useDomainConstraints>false</useDomainConstraints>
<use>1</use>
<logicalDatatype>LOGDT024</logicalDatatype>
<dataTypeSize>20</dataTypeSize>
<ownDataTypeParameters>20,,</ownDataTypeParameters>
</Attribute>
<Attribute name="catal_edition" id="E778A724-F75D-9006-F834-85936C279874">
<createdBy>Jay</createdBy>
<createdTime>2024-09-15 12:30:27 UTC</createdTime>
<commentInRDBMS><![CDATA[Catalogue edition]]></commentInRDBMS>
<ownerDesignName>rcl_model</ownerDesignName>
<engineerTo>
<item key="B739ED4A-3D81-CF1D-35E0-DC001DB8B830" value="true"/>
</engineerTo>
<nullsAllowed>true</nullsAllowed>
<useDomainConstraints>false</useDomainConstraints>
<use>1</use>
<logicalDatatype>LOGDT024</logicalDatatype>
<dataTypeSize>20</dataTypeSize>
<ownDataTypeParameters>20,,</ownDataTypeParameters>
</Attribute>
<Attribute name="catal_note" id="280F423C-C345-A298-B3FD-3F8AE8816E70">
<createdBy>Jay</createdBy>
<createdTime>2024-09-15 12:31:35 UTC</createdTime>
<commentInRDBMS><![CDATA[Catalogue note]]></commentInRDBMS>
<ownerDesignName>rcl_model</ownerDesignName>
<engineerTo>
<item key="B739ED4A-3D81-CF1D-35E0-DC001DB8B830" value="true"/>
</engineerTo>
<nullsAllowed>true</nullsAllowed>
<useDomainConstraints>false</useDomainConstraints>
<use>1</use>
<logicalDatatype>LOGDT024</logicalDatatype>
<dataTypeSize>200</dataTypeSize>
<ownDataTypeParameters>200,,</ownDataTypeParameters>
</Attribute>
<Attribute name="publisher_no" id="91CFBDDA-22E5-2039-C0E5-44664D096CFB">
<createdBy>Jay</createdBy>
<createdTime>2024-09-15 13:17:38 UTC</createdTime>
<commentInRDBMS><![CDATA[Publisher number]]></commentInRDBMS>
<generatorID>FF36F47B-AF1D-B719-B0DB-36D952B30D7D</generatorID>
<ownerDesignName>rcl_model</ownerDesignName>
<engineerTo>
<item key="B739ED4A-3D81-CF1D-35E0-DC001DB8B830" value="true"/>
</engineerTo>
<referedAttribute>D741DF24-2C1F-B21C-CC37-A58AF0613290</referedAttribute>
<useDomainConstraints>false</useDomainConstraints>
<use>1</use>
<logicalDatatype>LOGDT019</logicalDatatype>
<dataTypePrecision>10</dataTypePrecision>
<ownDataTypeParameters>,10,</ownDataTypeParameters>
</Attribute>
</attributes>
<identifiers itemClass="oracle.dbtools.crest.model.design.logical.CandidateKey">
<identifier id="130BDF89-219A-EE1B-DE5B-D507D70F1A4F" name="CATALOGUE_ENTRY PK">
<createdBy>Jay</createdBy>
<createdTime>2024-09-15 07:34:38 UTC</createdTime>
<ownerDesignName>rcl_model</ownerDesignName>
<engineerTo>
<item key="B739ED4A-3D81-CF1D-35E0-DC001DB8B830" value="true"/>
</engineerTo>
<pk>true</pk>
<usedAttributes>
<attributeRef>06733FE5-7487-7FB0-D9D4-035EFCBCDA89</attributeRef>
</usedAttributes>
</identifier>
</identifiers>
</Entity>
