<?xml version = '1.0' encoding = 'UTF-8'?>
<Relation class="oracle.dbtools.crest.model.design.logical.Relation" name="BOOKCOPY_RESERVE_FK" directorySegmentName="seg_0" id="05E5CD0A-ABB9-9C11-6083-A3C317121036">
<createdBy>jacky</createdBy>
<createdTime>2024-09-16 04:36:05 UTC</createdTime>
<ownerDesignName>rcl_model</ownerDesignName>
<engineerTo>
<item key="B739ED4A-3D81-CF1D-35E0-DC001DB8B830" value="true"/>
</engineerTo>
<sourcePk>91EAF773-EED0-0BC7-21C9-A9FA233F96B2</sourcePk>
<identifying>false</identifying>
<nameOnSource>has</nameOnSource>
<nameOnTarget> </nameOnTarget>
<optionalSource>true</optionalSource>
<optionalTarget>false</optionalTarget>
<sourceCardinality>1</sourceCardinality>
<sourceEntity>ABA9117A-AB00-8D64-7090-D4A70CF3D8B3</sourceEntity>
<targetCardinalityString>*</targetCardinalityString>
<targetEntity>86F1B2A3-D29B-4B1B-28E6-D70E1F779D07</targetEntity>
<transferable>true</transferable>
<deleteRule>NO ACTION</deleteRule>
</Relation>
