<?xml version = '1.0' encoding = 'UTF-8'?>
<Relation class="oracle.dbtools.crest.model.design.logical.Relation" name="BORROWER_BORROWERCLASS_FK" directorySegmentName="seg_0" id="085AE101-AB30-B093-425F-A53DAA63852F">
<createdBy>Jay</createdBy>
<createdTime>2024-09-15 13:21:21 UTC</createdTime>
<ownerDesignName>rcl_model</ownerDesignName>
<engineerTo>
<item key="B739ED4A-3D81-CF1D-35E0-DC001DB8B830" value="true"/>
</engineerTo>
<sourcePk>67426081-C080-61AD-D708-DDB7158F3326</sourcePk>
<targetPk>279245B6-5C90-69EC-EC38-C536F56EACBB</targetPk>
<identifying>false</identifying>
<nameOnSource>belongs to</nameOnSource>
<nameOnTarget> </nameOnTarget>
<optionalSource>false</optionalSource>
<optionalTarget>true</optionalTarget>
<sourceCardinality>*</sourceCardinality>
<sourceEntity>BC4C27F1-B14C-C116-1709-6306FD52CA39</sourceEntity>
<targetCardinalityString>1</targetCardinalityString>
<targetEntity>0F1B7064-AAE5-D01E-75C0-C0EC7ABA0BAF</targetEntity>
<transferable>true</transferable>
<deleteRule>NO ACTION</deleteRule>
</Relation>
