<?xml version = '1.0' encoding = 'UTF-8'?>
<Relation class="oracle.dbtools.crest.model.design.logical.Relation" name="CATALOGUEAUTHOR_AUTHOR_FK" directorySegmentName="seg_0" id="0F352DA5-3C13-880A-C5C0-893197516AC0">
<createdBy>Jay</createdBy>
<createdTime>2024-09-15 13:57:01 UTC</createdTime>
<ownerDesignName>rcl_model</ownerDesignName>
<engineerTo>
<item key="B739ED4A-3D81-CF1D-35E0-DC001DB8B830" value="true"/>
</engineerTo>
<sourcePk>B7166192-01EB-517F-E071-8F4101BED652</sourcePk>
<identifying>true</identifying>
<nameOnSource>has</nameOnSource>
<nameOnTarget> </nameOnTarget>
<optionalSource>false</optionalSource>
<optionalTarget>false</optionalTarget>
<sourceCardinality>1</sourceCardinality>
<sourceEntity>FE400214-FBD4-C743-3DD4-DDEFBF59FB05</sourceEntity>
<targetCardinalityString>*</targetCardinalityString>
<targetEntity>1EFB0B7E-AE24-CB1E-126D-AF54E6962563</targetEntity>
<transferable>true</transferable>
<deleteRule>NO ACTION</deleteRule>
</Relation>
