<?xml version = '1.0' encoding = 'UTF-8'?>
<Relation class="oracle.dbtools.crest.model.design.logical.Relation" name="HOMEBRANCH_MANAGER_FK" directorySegmentName="seg_0" id="151436A2-4A68-FAF3-2EF9-98EC34FF2B34">
<createdBy>Jay</createdBy>
<createdTime>2024-09-15 13:01:03 UTC</createdTime>
<ownerDesignName>rcl_model</ownerDesignName>
<engineerTo>
<item key="B739ED4A-3D81-CF1D-35E0-DC001DB8B830" value="true"/>
</engineerTo>
<sourcePk>7008B0ED-CC20-7442-F94C-57545CCC8BCD</sourcePk>
<identifying>false</identifying>
<nameOnSource>based</nameOnSource>
<nameOnTarget> </nameOnTarget>
<optionalSource>true</optionalSource>
<optionalTarget>false</optionalTarget>
<sourceCardinality>1</sourceCardinality>
<sourceEntity>9D5A7CA8-16E5-C1E1-B5B8-9E5B2569D101</sourceEntity>
<targetCardinalityString>1</targetCardinalityString>
<targetEntity>057EAFAC-258D-3D00-46AB-5AFDC804F4CA</targetEntity>
<transferable>true</transferable>
<deleteRule>NO ACTION</deleteRule>
</Relation>
