<?xml version = '1.0' encoding = 'UTF-8'?>
<Relation class="oracle.dbtools.crest.model.design.logical.Relation" name="IDENTIFIER_BOOKCOPY_FK" directorySegmentName="seg_0" id="161FAFF0-2171-9C95-C8A0-BB89ABCD12D0">
<createdBy>Jay</createdBy>
<createdTime>2024-09-15 13:12:33 UTC</createdTime>
<ownerDesignName>rcl_model</ownerDesignName>
<engineerTo>
<item key="B739ED4A-3D81-CF1D-35E0-DC001DB8B830" value="true"/>
</engineerTo>
<sourcePk>786A4F98-83FE-912D-38C3-E3914CFAFC56</sourcePk>
<identifying>false</identifying>
<nameOnSource>has</nameOnSource>
<nameOnTarget> </nameOnTarget>
<optionalSource>true</optionalSource>
<optionalTarget>false</optionalTarget>
<sourceCardinality>1</sourceCardinality>
<sourceEntity>10C9489F-9A35-CD52-9337-05EB5E719FB8</sourceEntity>
<targetCardinalityString>*</targetCardinalityString>
<targetEntity>ABA9117A-AB00-8D64-7090-D4A70CF3D8B3</targetEntity>
<transferable>true</transferable>
<deleteRule>NO ACTION</deleteRule>
</Relation>
