<?xml version = '1.0' encoding = 'UTF-8'?>
<Relation class="oracle.dbtools.crest.model.design.logical.Relation" name="BORROWER_LOAN_FK" directorySegmentName="seg_0" id="4D9F38CE-70C4-0540-352C-38415E05B8BE">
<createdBy>Jay</createdBy>
<createdTime>2024-09-15 13:14:58 UTC</createdTime>
<ownerDesignName>rcl_model</ownerDesignName>
<engineerTo>
<item key="B739ED4A-3D81-CF1D-35E0-DC001DB8B830" value="true"/>
</engineerTo>
<sourcePk>67426081-C080-61AD-D708-DDB7158F3326</sourcePk>
<identifying>false</identifying>
<nameOnSource>has</nameOnSource>
<nameOnTarget> </nameOnTarget>
<optionalSource>true</optionalSource>
<optionalTarget>false</optionalTarget>
<sourceCardinality>1</sourceCardinality>
<sourceEntity>BC4C27F1-B14C-C116-1709-6306FD52CA39</sourceEntity>
<targetCardinalityString>*</targetCardinalityString>
<targetEntity>E909CA7B-02A3-B24E-EB83-265273428BDD</targetEntity>
<transferable>true</transferable>
<deleteRule>NO ACTION</deleteRule>
</Relation>
