<?xml version = '1.0' encoding = 'UTF-8'?>
<Relation class="oracle.dbtools.crest.model.design.logical.Relation" name="BOOKCOPY_LOAN_FK" directorySegmentName="seg_0" id="5BD26447-694B-C715-35CE-EEB7D88A4282">
<createdBy>Jay</createdBy>
<createdTime>2024-09-15 13:14:00 UTC</createdTime>
<ownerDesignName>rcl_model</ownerDesignName>
<engineerTo>
<item key="B739ED4A-3D81-CF1D-35E0-DC001DB8B830" value="true"/>
</engineerTo>
<sourcePk>91EAF773-EED0-0BC7-21C9-A9FA233F96B2</sourcePk>
<identifying>false</identifying>
<nameOnSource>has</nameOnSource>
<nameOnTarget> </nameOnTarget>
<optionalSource>true</optionalSource>
<optionalTarget>false</optionalTarget>
<sourceCardinality>1</sourceCardinality>
<sourceEntity>ABA9117A-AB00-8D64-7090-D4A70CF3D8B3</sourceEntity>
<targetCardinalityString>*</targetCardinalityString>
<targetEntity>E909CA7B-02A3-B24E-EB83-265273428BDD</targetEntity>
<transferable>true</transferable>
<deleteRule>NO ACTION</deleteRule>
</Relation>
