<?xml version = '1.0' encoding = 'UTF-8'?>
<Relation class="oracle.dbtools.crest.model.design.logical.Relation" name="CATALOGUESUBJECT_SUBJECT_FK" directorySegmentName="seg_0" id="5E20F97B-023B-CF57-C772-9002D9216084">
<createdBy>Jay</createdBy>
<createdTime>2024-09-15 13:59:56 UTC</createdTime>
<ownerDesignName>rcl_model</ownerDesignName>
<engineerTo>
<item key="B739ED4A-3D81-CF1D-35E0-DC001DB8B830" value="true"/>
</engineerTo>
<targetPk>01055D6E-D0EE-C74D-12B2-3D2B9D819E4E</targetPk>
<identifying>true</identifying>
<nameOnSource>has </nameOnSource>
<nameOnTarget> </nameOnTarget>
<optionalSource>false</optionalSource>
<optionalTarget>false</optionalTarget>
<sourceCardinality>*</sourceCardinality>
<sourceEntity>16A001C1-D757-32B6-69D0-35A45C3C1913</sourceEntity>
<targetCardinalityString>1</targetCardinalityString>
<targetEntity>7863FBEC-7352-E6BF-EA9C-ACEBB73209D9</targetEntity>
<transferable>true</transferable>
<deleteRule>NO ACTION</deleteRule>
</Relation>
