<?xml version = '1.0' encoding = 'UTF-8'?>
<Relation class="oracle.dbtools.crest.model.design.logical.Relation" name="LGA_BRANCH_FK" directorySegmentName="seg_0" id="6760DE3B-2CE5-514C-6CAF-A954FA57EE0A">
<createdBy>Jay</createdBy>
<createdTime>2024-09-15 12:10:17 UTC</createdTime>
<ownerDesignName>rcl_model</ownerDesignName>
<engineerTo>
<item key="B739ED4A-3D81-CF1D-35E0-DC001DB8B830" value="true"/>
</engineerTo>
<sourcePk>6AEE4B81-9B50-689B-3DDE-14B5B622F29A</sourcePk>
<targetPk>7008B0ED-CC20-7442-F94C-57545CCC8BCD</targetPk>
<identifying>false</identifying>
<nameOnSource>has</nameOnSource>
<nameOnTarget> </nameOnTarget>
<optionalSource>false</optionalSource>
<optionalTarget>false</optionalTarget>
<sourceCardinality>1</sourceCardinality>
<sourceEntity>20E2B73A-8165-5786-9D77-1455CEEA3057</sourceEntity>
<targetCardinalityString>*</targetCardinalityString>
<targetEntity>9D5A7CA8-16E5-C1E1-B5B8-9E5B2569D101</targetEntity>
<transferable>true</transferable>
<deleteRule>NO ACTION</deleteRule>
</Relation>
