<?xml version = '1.0' encoding = 'UTF-8'?>
<Relation class="oracle.dbtools.crest.model.design.logical.Relation" name="BRANCH_BOOKCOPY_FK" directorySegmentName="seg_0" id="787B1406-6804-3F39-E1F8-81F63E8D1132">
<createdBy>Jay</createdBy>
<createdTime>2024-09-15 13:11:08 UTC</createdTime>
<ownerDesignName>rcl_model</ownerDesignName>
<engineerTo>
<item key="B739ED4A-3D81-CF1D-35E0-DC001DB8B830" value="true"/>
</engineerTo>
<sourcePk>7008B0ED-CC20-7442-F94C-57545CCC8BCD</sourcePk>
<identifying>true</identifying>
<nameOnSource>holds</nameOnSource>
<nameOnTarget> </nameOnTarget>
<optionalSource>true</optionalSource>
<optionalTarget>false</optionalTarget>
<sourceCardinality>1</sourceCardinality>
<sourceEntity>9D5A7CA8-16E5-C1E1-B5B8-9E5B2569D101</sourceEntity>
<targetCardinalityString>*</targetCardinalityString>
<targetEntity>ABA9117A-AB00-8D64-7090-D4A70CF3D8B3</targetEntity>
<transferable>true</transferable>
<deleteRule>NO ACTION</deleteRule>
</Relation>
