<?xml version = '1.0' encoding = 'UTF-8'?>
<Relation class="oracle.dbtools.crest.model.design.logical.Relation" name="BORROWER_HOMEBRANCH_FK" directorySegmentName="seg_0" id="A7CCBF80-49EE-89A6-E269-EFD856191159">
<createdBy>Jay</createdBy>
<createdTime>2024-09-17 08:50:59 UTC</createdTime>
<ownerDesignName>rcl_model</ownerDesignName>
<engineerTo>
<item key="B739ED4A-3D81-CF1D-35E0-DC001DB8B830" value="true"/>
</engineerTo>
<sourcePk>7008B0ED-CC20-7442-F94C-57545CCC8BCD</sourcePk>
<identifying>false</identifying>
<nameOnSource>belongs to</nameOnSource>
<nameOnTarget> </nameOnTarget>
<optionalSource>true</optionalSource>
<optionalTarget>false</optionalTarget>
<sourceCardinality>1</sourceCardinality>
<sourceEntity>9D5A7CA8-16E5-C1E1-B5B8-9E5B2569D101</sourceEntity>
<targetCardinalityString>*</targetCardinalityString>
<targetEntity>BC4C27F1-B14C-C116-1709-6306FD52CA39</targetEntity>
<transferable>true</transferable>
<deleteRule>NO ACTION</deleteRule>
</Relation>
