<?xml version = '1.0' encoding = 'UTF-8'?>
<Relation class="oracle.dbtools.crest.model.design.logical.Relation" name="BORROWER_RESERVE_PK" directorySegmentName="seg_0" id="AA491802-4E6C-4260-0A8E-2DE2F4A996C9">
<createdBy>jacky</createdBy>
<createdTime>2024-09-16 04:36:33 UTC</createdTime>
<ownerDesignName>rcl_model</ownerDesignName>
<engineerTo>
<item key="B739ED4A-3D81-CF1D-35E0-DC001DB8B830" value="true"/>
</engineerTo>
<sourcePk>67426081-C080-61AD-D708-DDB7158F3326</sourcePk>
<identifying>false</identifying>
<nameOnSource>reserves</nameOnSource>
<nameOnTarget> </nameOnTarget>
<optionalSource>true</optionalSource>
<optionalTarget>false</optionalTarget>
<sourceCardinality>1</sourceCardinality>
<sourceEntity>BC4C27F1-B14C-C116-1709-6306FD52CA39</sourceEntity>
<targetCardinalityString>*</targetCardinalityString>
<targetEntity>86F1B2A3-D29B-4B1B-28E6-D70E1F779D07</targetEntity>
<transferable>true</transferable>
<deleteRule>NO ACTION</deleteRule>
</Relation>
