<?xml version = '1.0' encoding = 'UTF-8'?>
<Relation class="oracle.dbtools.crest.model.design.logical.Relation" name="CATALOGUE_IDENTIFIER_FK" directorySegmentName="seg_0" id="B7463745-B2EF-EB7D-DFAB-3265963D7E65">
<createdBy>Jay</createdBy>
<createdTime>2024-09-15 13:16:15 UTC</createdTime>
<ownerDesignName>rcl_model</ownerDesignName>
<engineerTo>
<item key="B739ED4A-3D81-CF1D-35E0-DC001DB8B830" value="true"/>
</engineerTo>
<sourcePk>130BDF89-219A-EE1B-DE5B-D507D70F1A4F</sourcePk>
<identifying>false</identifying>
<nameOnSource>represents</nameOnSource>
<nameOnTarget> </nameOnTarget>
<optionalSource>false</optionalSource>
<optionalTarget>false</optionalTarget>
<sourceCardinality>1</sourceCardinality>
<sourceEntity>FF71328C-8CEB-16F6-B4AD-9B63DBFF60C4</sourceEntity>
<targetCardinalityString>*</targetCardinalityString>
<targetEntity>10C9489F-9A35-CD52-9337-05EB5E719FB8</targetEntity>
<transferable>true</transferable>
<deleteRule>NO ACTION</deleteRule>
</Relation>
