<?xml version = '1.0' encoding = 'UTF-8'?>
<Relation class="oracle.dbtools.crest.model.design.logical.Relation" name="MANAGER_BRANCH_FK" directorySegmentName="seg_0" id="BCD847ED-2A26-B0B4-2BAB-709BAE0366AC">
<createdBy>Jay</createdBy>
<createdTime>2024-09-15 13:05:46 UTC</createdTime>
<ownerDesignName>rcl_model</ownerDesignName>
<engineerTo>
<item key="B739ED4A-3D81-CF1D-35E0-DC001DB8B830" value="true"/>
</engineerTo>
<sourcePk>A1BB082C-1EC8-BD57-C9B2-4E4D583F8B60</sourcePk>
<identifying>false</identifying>
<nameOnSource>manages</nameOnSource>
<nameOnTarget> </nameOnTarget>
<optionalSource>false</optionalSource>
<optionalTarget>false</optionalTarget>
<sourceCardinality>1</sourceCardinality>
<sourceEntity>057EAFAC-258D-3D00-46AB-5AFDC804F4CA</sourceEntity>
<targetCardinalityString>*</targetCardinalityString>
<targetEntity>9D5A7CA8-16E5-C1E1-B5B8-9E5B2569D101</targetEntity>
<transferable>true</transferable>
<deleteRule>NO ACTION</deleteRule>
</Relation>
