<?xml version = '1.0' encoding = 'UTF-8'?>
<Relation class="oracle.dbtools.crest.model.design.logical.Relation" name="CATALOGUE_CATALOGUEAUTHOR_FK" directorySegmentName="seg_0" id="C86606D8-CB24-5D74-A6E6-7C703F561B93">
<createdBy>Jay</createdBy>
<createdTime>2024-09-15 13:55:50 UTC</createdTime>
<ownerDesignName>rcl_model</ownerDesignName>
<engineerTo>
<item key="B739ED4A-3D81-CF1D-35E0-DC001DB8B830" value="true"/>
</engineerTo>
<sourcePk>130BDF89-219A-EE1B-DE5B-D507D70F1A4F</sourcePk>
<identifying>true</identifying>
<nameOnSource>has</nameOnSource>
<nameOnTarget> </nameOnTarget>
<optionalSource>false</optionalSource>
<optionalTarget>false</optionalTarget>
<sourceCardinality>1</sourceCardinality>
<sourceEntity>FF71328C-8CEB-16F6-B4AD-9B63DBFF60C4</sourceEntity>
<targetCardinalityString>*</targetCardinalityString>
<targetEntity>1EFB0B7E-AE24-CB1E-126D-AF54E6962563</targetEntity>
<transferable>true</transferable>
<deleteRule>NO ACTION</deleteRule>
</Relation>
