<?xml version = '1.0' encoding = 'UTF-8'?>
<Relation class="oracle.dbtools.crest.model.design.logical.Relation" name="CATALOGUE_PUBLISHER_FK" directorySegmentName="seg_0" id="FF36F47B-AF1D-B719-B0DB-36D952B30D7D">
<createdBy>Jay</createdBy>
<createdTime>2024-09-15 13:17:38 UTC</createdTime>
<ownerDesignName>rcl_model</ownerDesignName>
<engineerTo>
<item key="B739ED4A-3D81-CF1D-35E0-DC001DB8B830" value="true"/>
</engineerTo>
<sourcePk>E8FDEF5C-2C16-8992-A700-3560B5E7F908</sourcePk>
<identifying>false</identifying>
<nameOnSource>contains</nameOnSource>
<nameOnTarget> </nameOnTarget>
<optionalSource>false</optionalSource>
<optionalTarget>false</optionalTarget>
<sourceCardinality>1</sourceCardinality>
<sourceEntity>AF678DBA-7062-03CA-B9CF-DCF36C62ACC1</sourceEntity>
<targetCardinalityString>*</targetCardinalityString>
<targetEntity>FF71328C-8CEB-16F6-B4AD-9B63DBFF60C4</targetEntity>
<transferable>true</transferable>
<deleteRule>NO ACTION</deleteRule>
</Relation>
