<?xml version = '1.0' encoding = 'UTF-8'?>
<FKIndexAssociation class="oracle.dbtools.crest.model.design.relational.FKIndexAssociation" directorySegmentName="seg_0" id="2D275280-5DAD-EFD3-1650-621842F6AC40" containerWithKeyObject="A96F3024-DDCA-A866-2B52-C282CAE2FAEF" localFKIndex="05C549B8-1939-AC68-F43C-26376BAD969E" name="ANTHOR_CATALOGUEAUTHOR_FK">
<createdBy>Jay</createdBy>
<createdTime>2024-09-16 12:13:09 UTC</createdTime>
<generatorID>0F352DA5-3C13-880A-C5C0-893197516AC0</generatorID>
<ownerDesignName>rcl_model</ownerDesignName>
<referredTableLongName>AUTHOR</referredTableLongName>
<deleteRule>NO ACTION</deleteRule>
<referredTableID>725652DF-5CFB-99D7-531F-FCEFBA7F7CB7</referredTableID>
<keyObject>F11EEE48-942A-F6C0-A88E-6DD0F96D8DF6</keyObject>
<referredKeyID>F11EEE48-942A-F6C0-A88E-6DD0F96D8DF6</referredKeyID>
<mandatory>true</mandatory>
<refColNames>author_no</refColNames>
<transferable>true</transferable>
<rely>false</rely>
<columnDependencyConstraintGenerateInDDL>true</columnDependencyConstraintGenerateInDDL>
</FKIndexAssociation>
