<?xml version = '1.0' encoding = 'UTF-8'?>
<FKIndexAssociation class="oracle.dbtools.crest.model.design.relational.FKIndexAssociation" directorySegmentName="seg_0" id="3336AF38-2631-83BB-F834-9887CD24C08C" containerWithKeyObject="6EF31D1C-0939-499D-5007-B6E20CB0B693" localFKIndex="CE2DE8B3-8B58-939F-0C49-B2533562E1A6" name="PUBLISHER_CATALOGUE_FK">
<createdBy>Jay</createdBy>
<createdTime>2024-09-16 12:13:09 UTC</createdTime>
<generatorID>FF36F47B-AF1D-B719-B0DB-36D952B30D7D</generatorID>
<ownerDesignName>rcl_model</ownerDesignName>
<referredTableLongName>PUBLISHER</referredTableLongName>
<deleteRule>NO ACTION</deleteRule>
<referredTableID>2FAF8A17-9522-1633-5D2B-80D35DC85C64</referredTableID>
<keyObject>182137DC-861F-8ADC-7350-6DD411675E76</keyObject>
<referredKeyID>182137DC-861F-8ADC-7350-6DD411675E76</referredKeyID>
<mandatory>true</mandatory>
<refColNames>publisher_no</refColNames>
<transferable>true</transferable>
<rely>false</rely>
<columnDependencyConstraintGenerateInDDL>true</columnDependencyConstraintGenerateInDDL>
</FKIndexAssociation>
