<?xml version = '1.0' encoding = 'UTF-8'?>
<FKIndexAssociation class="oracle.dbtools.crest.model.design.relational.FKIndexAssociation" directorySegmentName="seg_0" id="37F2B581-F098-200F-2BAB-F3527DA0EE38" containerWithKeyObject="880B93EB-1402-DCF6-2CAA-2286D8AF9CEE" localFKIndex="2F702476-0F75-20F1-6DA1-F32FA996D1DA" name="MANAGER_BRANCH_FK">
<createdBy>Jay</createdBy>
<createdTime>2024-09-16 12:13:09 UTC</createdTime>
<generatorID>BCD847ED-2A26-B0B4-2BAB-709BAE0366AC</generatorID>
<ownerDesignName>rcl_model</ownerDesignName>
<referredTableLongName>MANAGER</referredTableLongName>
<deleteRule>NO ACTION</deleteRule>
<referredTableID>1515EB06-0FC8-31D3-F43A-6F9C5552D5A9</referredTableID>
<keyObject>AFFD1F0A-4FEA-3868-3E79-E010A66CF55C</keyObject>
<referredKeyID>AFFD1F0A-4FEA-3868-3E79-E010A66CF55C</referredKeyID>
<mandatory>true</mandatory>
<refColNames>manager_id</refColNames>
<transferable>true</transferable>
<rely>false</rely>
<columnDependencyConstraintGenerateInDDL>true</columnDependencyConstraintGenerateInDDL>
</FKIndexAssociation>
