<?xml version = '1.0' encoding = 'UTF-8'?>
<FKIndexAssociation class="oracle.dbtools.crest.model.design.relational.FKIndexAssociation" directorySegmentName="seg_0" id="5E4436AA-7E98-ACE2-7432-A21F30A700EB" containerWithKeyObject="1CF689F6-6084-7D30-AD7D-862493721D04" localFKIndex="B8E9D2A2-6C2E-B655-AB19-1394FF6618D7" name="BRANCH_BOOKCOPY_FK">
<createdBy>Jay</createdBy>
<createdTime>2024-09-16 12:13:09 UTC</createdTime>
<generatorID>787B1406-6804-3F39-E1F8-81F63E8D1132</generatorID>
<ownerDesignName>rcl_model</ownerDesignName>
<referredTableLongName>BRANCH</referredTableLongName>
<deleteRule>NO ACTION</deleteRule>
<referredTableID>880B93EB-1402-DCF6-2CAA-2286D8AF9CEE</referredTableID>
<keyObject>3A58FF84-41EE-164A-1385-107CD90A02C7</keyObject>
<referredKeyID>3A58FF84-41EE-164A-1385-107CD90A02C7</referredKeyID>
<mandatory>true</mandatory>
<refColNames>branch_code</refColNames>
<transferable>true</transferable>
<rely>false</rely>
<columnDependencyConstraintGenerateInDDL>true</columnDependencyConstraintGenerateInDDL>
</FKIndexAssociation>
