<?xml version = '1.0' encoding = 'UTF-8'?>
<FKIndexAssociation class="oracle.dbtools.crest.model.design.relational.FKIndexAssociation" directorySegmentName="seg_0" id="81DA5CAE-AF2D-CEBA-16EA-BC00C024D90A" containerWithKeyObject="873B8158-ED79-A19D-89E7-0205AEFD6072" localFKIndex="F7DE5663-F7BC-817B-A8A5-D2D2C6B9C810" name="BORROWER_BORROWERCLASS_FK">
<createdBy>Jay</createdBy>
<createdTime>2024-09-16 12:13:09 UTC</createdTime>
<generatorID>085AE101-AB30-B093-425F-A53DAA63852F</generatorID>
<ownerDesignName>rcl_model</ownerDesignName>
<referredTableLongName>BORROWER_CLASS</referredTableLongName>
<deleteRule>NO ACTION</deleteRule>
<referredTableID>C2BD41AC-AA82-1021-F8D8-46B434D5BC6C</referredTableID>
<keyObject>4E54C6A2-C010-A606-CF7D-CBC238F0F259</keyObject>
<referredKeyID>4E54C6A2-C010-A606-CF7D-CBC238F0F259</referredKeyID>
<mandatory>true</mandatory>
<refColNames>bcls_type</refColNames>
<transferable>true</transferable>
<rely>false</rely>
<columnDependencyConstraintGenerateInDDL>true</columnDependencyConstraintGenerateInDDL>
</FKIndexAssociation>
