<?xml version = '1.0' encoding = 'UTF-8'?>
<FKIndexAssociation class="oracle.dbtools.crest.model.design.relational.FKIndexAssociation" directorySegmentName="seg_0" id="86EE1774-F78C-CE53-8046-4E1B7924BC47" containerWithKeyObject="FD8377CF-5908-422F-C53F-E7B6A35056F5" localFKIndex="2DBD3ADA-F662-758A-C299-24EAB7373DCB" name="CATALOGUE_CATALOGUESUBJECT_FK">
<createdBy>Jay</createdBy>
<createdTime>2024-09-16 12:13:09 UTC</createdTime>
<generatorID>C2438026-CC88-EC96-806E-DBB658801C48</generatorID>
<ownerDesignName>rcl_model</ownerDesignName>
<referredTableLongName>CATALOGUE</referredTableLongName>
<deleteRule>NO ACTION</deleteRule>
<referredTableID>6EF31D1C-0939-499D-5007-B6E20CB0B693</referredTableID>
<keyObject>2D42783E-E875-1E83-6645-CB0ACE5E28D1</keyObject>
<referredKeyID>2D42783E-E875-1E83-6645-CB0ACE5E28D1</referredKeyID>
<mandatory>true</mandatory>
<refColNames>catal_call_no</refColNames>
<transferable>true</transferable>
<rely>false</rely>
<columnDependencyConstraintGenerateInDDL>true</columnDependencyConstraintGenerateInDDL>
</FKIndexAssociation>
