<?xml version = '1.0' encoding = 'UTF-8'?>
<FKIndexAssociation class="oracle.dbtools.crest.model.design.relational.FKIndexAssociation" directorySegmentName="seg_0" id="8F282EB4-AA12-F4D9-4B45-AAE64F055AA8" containerWithKeyObject="328CBDE5-9298-5FB0-496C-BA0505F9BCA4" localFKIndex="79BDECB1-A065-9B59-D83E-C81DCD0A6EE8" name="BOOKCOPY_RESERVE_FK">
<createdBy>Jay</createdBy>
<createdTime>2024-09-16 12:13:09 UTC</createdTime>
<generatorID>05E5CD0A-ABB9-9C11-6083-A3C317121036</generatorID>
<ownerDesignName>rcl_model</ownerDesignName>
<referredTableLongName>BOOK_COPY</referredTableLongName>
<deleteRule>NO ACTION</deleteRule>
<referredTableID>1CF689F6-6084-7D30-AD7D-862493721D04</referredTableID>
<keyObject>9B4D13F8-D398-03F6-898C-7B57D1AC4913</keyObject>
<referredKeyID>9B4D13F8-D398-03F6-898C-7B57D1AC4913</referredKeyID>
<mandatory>true</mandatory>
<refColNames>book_copy_id,branch_code</refColNames>
<transferable>true</transferable>
<rely>false</rely>
<columnDependencyConstraintGenerateInDDL>true</columnDependencyConstraintGenerateInDDL>
</FKIndexAssociation>
