<?xml version = '1.0' encoding = 'UTF-8'?>
<FKIndexAssociation class="oracle.dbtools.crest.model.design.relational.FKIndexAssociation" directorySegmentName="seg_0" id="AFCF82D4-713E-9569-C25E-B2878F11EDE9" containerWithKeyObject="A96F3024-DDCA-A866-2B52-C282CAE2FAEF" localFKIndex="25A319AC-B57B-B33E-AD4E-6AF44A3DDC94" name="CATALOG_CATALOGUEAUTHOR_FK">
<createdBy>Jay</createdBy>
<createdTime>2024-09-16 12:13:09 UTC</createdTime>
<generatorID>C86606D8-CB24-5D74-A6E6-7C703F561B93</generatorID>
<ownerDesignName>rcl_model</ownerDesignName>
<referredTableLongName>CATALOGUE</referredTableLongName>
<deleteRule>NO ACTION</deleteRule>
<referredTableID>6EF31D1C-0939-499D-5007-B6E20CB0B693</referredTableID>
<keyObject>2D42783E-E875-1E83-6645-CB0ACE5E28D1</keyObject>
<referredKeyID>2D42783E-E875-1E83-6645-CB0ACE5E28D1</referredKeyID>
<mandatory>true</mandatory>
<refColNames>catal_call_no</refColNames>
<transferable>true</transferable>
<rely>false</rely>
<columnDependencyConstraintGenerateInDDL>true</columnDependencyConstraintGenerateInDDL>
</FKIndexAssociation>
