<?xml version = '1.0' encoding = 'UTF-8'?>
<FKIndexAssociation class="oracle.dbtools.crest.model.design.relational.FKIndexAssociation" directorySegmentName="seg_0" id="BC49A7F8-B21B-F6DB-8AB8-AEA9633ABBC8" containerWithKeyObject="328CBDE5-9298-5FB0-496C-BA0505F9BCA4" localFKIndex="991D2E52-2660-16D9-9D29-5A2A06D7A647" name="BORROWER_RESERVE_PK">
<createdBy>Jay</createdBy>
<createdTime>2024-09-16 12:13:09 UTC</createdTime>
<generatorID>AA491802-4E6C-4260-0A8E-2DE2F4A996C9</generatorID>
<ownerDesignName>rcl_model</ownerDesignName>
<referredTableLongName>BORROWER</referredTableLongName>
<deleteRule>NO ACTION</deleteRule>
<referredTableID>873B8158-ED79-A19D-89E7-0205AEFD6072</referredTableID>
<keyObject>B5F87C71-7CC8-ADAC-D89E-DE539CB889DE</keyObject>
<referredKeyID>B5F87C71-7CC8-ADAC-D89E-DE539CB889DE</referredKeyID>
<mandatory>true</mandatory>
<refColNames>borrower_no</refColNames>
<transferable>true</transferable>
<rely>false</rely>
<columnDependencyConstraintGenerateInDDL>true</columnDependencyConstraintGenerateInDDL>
</FKIndexAssociation>
