<?xml version = '1.0' encoding = 'UTF-8'?>
<FKIndexAssociation class="oracle.dbtools.crest.model.design.relational.FKIndexAssociation" directorySegmentName="seg_0" id="CE913DFC-F8B7-E48D-19BA-9F77E57141CB" containerWithKeyObject="0D34DD49-8A5A-3567-ED73-D1BD72C4441D" localFKIndex="8BBAFCAB-C199-D50E-E543-FF8E49D5F6F2" name="CATALOGUE_IDENTIFIER_FK">
<createdBy>Jay</createdBy>
<createdTime>2024-09-16 12:13:09 UTC</createdTime>
<generatorID>B7463745-B2EF-EB7D-DFAB-3265963D7E65</generatorID>
<ownerDesignName>rcl_model</ownerDesignName>
<referredTableLongName>CATALOGUE</referredTableLongName>
<deleteRule>NO ACTION</deleteRule>
<referredTableID>6EF31D1C-0939-499D-5007-B6E20CB0B693</referredTableID>
<keyObject>2D42783E-E875-1E83-6645-CB0ACE5E28D1</keyObject>
<referredKeyID>2D42783E-E875-1E83-6645-CB0ACE5E28D1</referredKeyID>
<mandatory>true</mandatory>
<refColNames>catal_call_no</refColNames>
<transferable>true</transferable>
<rely>false</rely>
<columnDependencyConstraintGenerateInDDL>true</columnDependencyConstraintGenerateInDDL>
</FKIndexAssociation>
