<?xml version = '1.0' encoding = 'UTF-8'?>
<FKIndexAssociation class="oracle.dbtools.crest.model.design.relational.FKIndexAssociation" directorySegmentName="seg_0" id="D124EF78-CC15-504E-D757-2D30F85556B8" containerWithKeyObject="1515EB06-0FC8-31D3-F43A-6F9C5552D5A9" localFKIndex="3E5F45AF-0BEB-1E57-C21C-BD7C5C83F8B2" name="HOME_BRANCH_MANAGER_FK">
<createdBy>Jay</createdBy>
<createdTime>2024-09-16 12:13:09 UTC</createdTime>
<generatorID>151436A2-4A68-FAF3-2EF9-98EC34FF2B34</generatorID>
<ownerDesignName>rcl_model</ownerDesignName>
<referredTableLongName>BRANCH</referredTableLongName>
<deleteRule>NO ACTION</deleteRule>
<referredTableID>880B93EB-1402-DCF6-2CAA-2286D8AF9CEE</referredTableID>
<keyObject>3A58FF84-41EE-164A-1385-107CD90A02C7</keyObject>
<referredKeyID>3A58FF84-41EE-164A-1385-107CD90A02C7</referredKeyID>
<mandatory>true</mandatory>
<refColNames>branch_code</refColNames>
<transferable>true</transferable>
<rely>false</rely>
<columnDependencyConstraintGenerateInDDL>true</columnDependencyConstraintGenerateInDDL>
</FKIndexAssociation>
