<?xml version = '1.0' encoding = 'UTF-8'?>
<FKIndexAssociation class="oracle.dbtools.crest.model.design.relational.FKIndexAssociation" directorySegmentName="seg_0" id="E7D78855-C06E-C48B-3512-7D4C51880B0F" containerWithKeyObject="1CF689F6-6084-7D30-AD7D-862493721D04" localFKIndex="4F8CAC8A-E8AA-C853-F756-FE6D52D95A77" name="BOOKCOPY_IDENTIFIER_FK">
<createdBy>Jay</createdBy>
<createdTime>2024-09-16 12:13:09 UTC</createdTime>
<generatorID>161FAFF0-2171-9C95-C8A0-BB89ABCD12D0</generatorID>
<ownerDesignName>rcl_model</ownerDesignName>
<referredTableLongName>IDENTIFIER</referredTableLongName>
<deleteRule>NO ACTION</deleteRule>
<referredTableID>0D34DD49-8A5A-3567-ED73-D1BD72C4441D</referredTableID>
<keyObject>5ED8E43A-D925-5FA7-6E90-295383BE8671</keyObject>
<referredKeyID>5ED8E43A-D925-5FA7-6E90-295383BE8671</referredKeyID>
<mandatory>true</mandatory>
<refColNames>identifier_isbn</refColNames>
<transferable>true</transferable>
<rely>false</rely>
<columnDependencyConstraintGenerateInDDL>true</columnDependencyConstraintGenerateInDDL>
</FKIndexAssociation>
