<?xml version = '1.0' encoding = 'UTF-8'?>
<FKIndexAssociation class="oracle.dbtools.crest.model.design.relational.FKIndexAssociation" directorySegmentName="seg_0" id="EABBF06B-71D4-46A1-714E-A87D07D4A316" containerWithKeyObject="880B93EB-1402-DCF6-2CAA-2286D8AF9CEE" localFKIndex="F6424459-683F-79EA-D550-58A361696F2B" name="LGA_BRANCH_FK">
<createdBy>Jay</createdBy>
<createdTime>2024-09-16 12:13:09 UTC</createdTime>
<generatorID>6760DE3B-2CE5-514C-6CAF-A954FA57EE0A</generatorID>
<ownerDesignName>rcl_model</ownerDesignName>
<referredTableLongName>LGA</referredTableLongName>
<deleteRule>NO ACTION</deleteRule>
<referredTableID>3ED76B60-CC3D-8EFF-FB7F-0C13E71B30B9</referredTableID>
<keyObject>C0BE918C-CD73-6AFB-CAE8-E536F09BB12F</keyObject>
<referredKeyID>C0BE918C-CD73-6AFB-CAE8-E536F09BB12F</referredKeyID>
<mandatory>true</mandatory>
<refColNames>lga_code</refColNames>
<transferable>true</transferable>
<rely>false</rely>
<columnDependencyConstraintGenerateInDDL>true</columnDependencyConstraintGenerateInDDL>
</FKIndexAssociation>
