<?xml version = '1.0' encoding = 'UTF-8'?>
<FKIndexAssociation class="oracle.dbtools.crest.model.design.relational.FKIndexAssociation" directorySegmentName="seg_0" id="F1359DFF-21E8-E3C6-9538-CD54A924FB21" containerWithKeyObject="FD8377CF-5908-422F-C53F-E7B6A35056F5" localFKIndex="8BCAEB27-46FA-55EA-096A-9A970AE77F50" name="CATALOGUESUBJECT_SUBJECT_FK">
<createdBy>Jay</createdBy>
<createdTime>2024-09-16 12:13:09 UTC</createdTime>
<generatorID>5E20F97B-023B-CF57-C772-9002D9216084</generatorID>
<ownerDesignName>rcl_model</ownerDesignName>
<referredTableLongName>SUBJECT</referredTableLongName>
<deleteRule>NO ACTION</deleteRule>
<referredTableID>1CBFBDA0-C246-9E95-BB02-D3008982F55B</referredTableID>
<keyObject>BF45232A-C944-0834-7909-C64978132CFB</keyObject>
<referredKeyID>BF45232A-C944-0834-7909-C64978132CFB</referredKeyID>
<mandatory>true</mandatory>
<refColNames>subject_id</refColNames>
<transferable>true</transferable>
<rely>false</rely>
<columnDependencyConstraintGenerateInDDL>true</columnDependencyConstraintGenerateInDDL>
</FKIndexAssociation>
