<?xml version = '1.0' encoding = 'UTF-8'?>
<FKIndexAssociation class="oracle.dbtools.crest.model.design.relational.FKIndexAssociation" directorySegmentName="seg_0" id="F32D7ED9-36FE-988F-1966-1B7318999688" containerWithKeyObject="BF1521F9-C5AC-72F0-F98E-FF35757E641D" localFKIndex="B543AC26-2137-0B17-9155-3C9082B46F48" name="BOOKCOPY_LOAN_FK">
<createdBy>Jay</createdBy>
<createdTime>2024-09-16 12:13:09 UTC</createdTime>
<generatorID>5BD26447-694B-C715-35CE-EEB7D88A4282</generatorID>
<ownerDesignName>rcl_model</ownerDesignName>
<referredTableLongName>BOOK_COPY</referredTableLongName>
<deleteRule>NO ACTION</deleteRule>
<referredTableID>1CF689F6-6084-7D30-AD7D-862493721D04</referredTableID>
<keyObject>9B4D13F8-D398-03F6-898C-7B57D1AC4913</keyObject>
<referredKeyID>9B4D13F8-D398-03F6-898C-7B57D1AC4913</referredKeyID>
<mandatory>true</mandatory>
<refColNames>book_copy_id,branch_code</refColNames>
<transferable>true</transferable>
<rely>false</rely>
<columnDependencyConstraintGenerateInDDL>true</columnDependencyConstraintGenerateInDDL>
</FKIndexAssociation>
