<?xml version = '1.0' encoding = 'UTF-8'?>
<FKIndexAssociation class="oracle.dbtools.crest.model.design.relational.FKIndexAssociation" directorySegmentName="seg_0" id="F33BFF5C-A4BF-CC00-CB8C-E732526E67A9" containerWithKeyObject="BF1521F9-C5AC-72F0-F98E-FF35757E641D" localFKIndex="FFBA1A6E-6702-3F7C-9E13-B113624B8868" name="BORROWER_LOAN_FK">
<createdBy>Jay</createdBy>
<createdTime>2024-09-16 12:13:09 UTC</createdTime>
<generatorID>4D9F38CE-70C4-0540-352C-38415E05B8BE</generatorID>
<ownerDesignName>rcl_model</ownerDesignName>
<referredTableLongName>BORROWER</referredTableLongName>
<deleteRule>NO ACTION</deleteRule>
<referredTableID>873B8158-ED79-A19D-89E7-0205AEFD6072</referredTableID>
<keyObject>B5F87C71-7CC8-ADAC-D89E-DE539CB889DE</keyObject>
<referredKeyID>B5F87C71-7CC8-ADAC-D89E-DE539CB889DE</referredKeyID>
<mandatory>true</mandatory>
<refColNames>borrower_no</refColNames>
<transferable>true</transferable>
<rely>false</rely>
<columnDependencyConstraintGenerateInDDL>true</columnDependencyConstraintGenerateInDDL>
</FKIndexAssociation>
