<?xml version = '1.0' encoding = 'UTF-8'?>
<Table class="oracle.dbtools.crest.model.design.relational.Table" directorySegmentName="seg_0" id="0D34DD49-8A5A-3567-ED73-D1BD72C4441D" name="IDENTIFIER">
<createdBy>Jay</createdBy>
<createdTime>2024-09-16 12:13:09 UTC</createdTime>
<generatorID>10C9489F-9A35-CD52-9337-05EB5E719FB8</generatorID>
<ownerDesignName>rcl_model</ownerDesignName>
<allowColumnReorder>false</allowColumnReorder>
<existDependencyGenerateInDDl>true</existDependencyGenerateInDDl>
<parsed>true</parsed>
<columns itemClass="oracle.dbtools.crest.model.design.relational.Column">
<Column name="identifier_isbn" id="FA3FF7BF-F5CA-B6D1-D4B7-F5CDA266D970">
<createdBy>Jay</createdBy>
<createdTime>2024-09-16 12:13:09 UTC</createdTime>
<commentInRDBMS><![CDATA[Identifier ISBN 13 number]]></commentInRDBMS>
<generatorID>9E91F5FD-BF4B-047A-7516-254A2EF79C5E</generatorID>
<ownerDesignName>rcl_model</ownerDesignName>
<useDomainConstraints>false</useDomainConstraints>
<use>1</use>
<logicalDatatype>LOGDT019</logicalDatatype>
<dataTypePrecision>13</dataTypePrecision>
<ownDataTypeParameters>,13,</ownDataTypeParameters>
<autoIncrementCycle>false</autoIncrementCycle>
</Column>
<Column name="identifier_type" id="9E4B046C-BFDC-C854-C2CE-D5E2A48C97C8">
<createdBy>Jay</createdBy>
<createdTime>2024-09-16 12:13:09 UTC</createdTime>
<commentInRDBMS><![CDATA[Iidentifier book type]]></commentInRDBMS>
<generatorID>3939E95E-DE22-E7E1-411C-6AEA89251AD0</generatorID>
<ownerDesignName>rcl_model</ownerDesignName>
<useDomainConstraints>false</useDomainConstraints>
<use>1</use>
<logicalDatatype>LOGDT024</logicalDatatype>
<dataTypeSize>20</dataTypeSize>
<ownDataTypeParameters>20,,</ownDataTypeParameters>
<autoIncrementCycle>false</autoIncrementCycle>
</Column>
<Column name="catal_call_no" id="9AA1E224-5389-585C-6324-600D978086AC">
<createdBy>Jay</createdBy>
<createdTime>2024-09-16 12:13:09 UTC</createdTime>
<commentInRDBMS><![CDATA[Catalogue call number]]></commentInRDBMS>
<generatorID>AA5625E9-E74F-E8A5-F49C-A092943865EA</generatorID>
<ownerDesignName>rcl_model</ownerDesignName>
<useDomainConstraints>false</useDomainConstraints>
<use>1</use>
<logicalDatatype>LOGDT024</logicalDatatype>
<dataTypeSize>13</dataTypeSize>
<ownDataTypeParameters>,,</ownDataTypeParameters>
<previousColumn>false</previousColumn>
<autoIncrementCycle>false</autoIncrementCycle>
<associations>
<colAssociation fkAssociation="CE913DFC-F8B7-E48D-19BA-9F77E57141CB" referredColumn="E30E526E-4BA7-9860-E1CB-9259D07D9421"/>
</associations>
</Column>
</columns>
<indexes itemClass="oracle.dbtools.crest.model.design.relational.Index">
<ind_PK_UK id="5ED8E43A-D925-5FA7-6E90-295383BE8671" name="ISBN_PK">
<createdBy>Jay</createdBy>
<createdTime>2024-09-16 12:13:09 UTC</createdTime>
<generatorID>786A4F98-83FE-912D-38C3-E3914CFAFC56</generatorID>
<ownerDesignName>rcl_model</ownerDesignName>
<pk>true</pk>
<indexState>Primary Constraint</indexState>
<isSurrogateKey>false</isSurrogateKey>
<indexColumnUsage>
<colUsage columnID="FA3FF7BF-F5CA-B6D1-D4B7-F5CDA266D970"/>
</indexColumnUsage>
</ind_PK_UK>
<ind_PK_UK id="8BBAFCAB-C199-D50E-E543-FF8E49D5F6F2" name="CATALOGUE_IDENTIFIER_FK">
<createdBy>Jay</createdBy>
<createdTime>2024-09-16 12:13:09 UTC</createdTime>
<generatorID>B7463745-B2EF-EB7D-DFAB-3265963D7E65</generatorID>
<ownerDesignName>rcl_model</ownerDesignName>
<indexState>Foreign Key</indexState>
<isSurrogateKey>false</isSurrogateKey>
<indexColumnUsage>
<colUsage columnID="9AA1E224-5389-585C-6324-600D978086AC"/>
</indexColumnUsage>
</ind_PK_UK>
</indexes>
</Table>
