<?xml version = '1.0' encoding = 'UTF-8'?>
<Table class="oracle.dbtools.crest.model.design.relational.Table" directorySegmentName="seg_0" id="1515EB06-0FC8-31D3-F43A-6F9C5552D5A9" name="MANAGER">
<createdBy>Jay</createdBy>
<createdTime>2024-09-16 12:13:09 UTC</createdTime>
<generatorID>057EAFAC-258D-3D00-46AB-5AFDC804F4CA</generatorID>
<ownerDesignName>rcl_model</ownerDesignName>
<allowColumnReorder>false</allowColumnReorder>
<existDependencyGenerateInDDl>true</existDependencyGenerateInDDl>
<parsed>true</parsed>
<columns itemClass="oracle.dbtools.crest.model.design.relational.Column">
<Column name="manager_id" id="071357AA-3AE8-1EDD-FDEF-2716C6BB1A49">
<createdBy>Jay</createdBy>
<createdTime>2024-09-16 12:13:09 UTC</createdTime>
<commentInRDBMS><![CDATA[Manager ID]]></commentInRDBMS>
<generatorID>EC09A87C-17F7-956D-5063-8AE73BAE2CBE</generatorID>
<ownerDesignName>rcl_model</ownerDesignName>
<useDomainConstraints>false</useDomainConstraints>
<use>1</use>
<logicalDatatype>LOGDT019</logicalDatatype>
<dataTypePrecision>10</dataTypePrecision>
<ownDataTypeParameters>,10,</ownDataTypeParameters>
<autoIncrementCycle>false</autoIncrementCycle>
</Column>
<Column name="manager_fname" id="46341DFE-C49E-850B-DABC-31DC4874A94C">
<createdBy>Jay</createdBy>
<createdTime>2024-09-16 12:13:09 UTC</createdTime>
<commentInRDBMS><![CDATA[Manager first name]]></commentInRDBMS>
<generatorID>DA4E143C-DC3F-8289-C502-48FCB1C3DFC6</generatorID>
<ownerDesignName>rcl_model</ownerDesignName>
<useDomainConstraints>false</useDomainConstraints>
<use>1</use>
<logicalDatatype>LOGDT024</logicalDatatype>
<dataTypeSize>20</dataTypeSize>
<ownDataTypeParameters>20,,</ownDataTypeParameters>
<autoIncrementCycle>false</autoIncrementCycle>
</Column>
<Column name="manager_lname" id="F1AC2AE9-CA22-99C2-9A83-0A4E3ABA5ABC">
<createdBy>Jay</createdBy>
<createdTime>2024-09-16 12:13:09 UTC</createdTime>
<commentInRDBMS><![CDATA[Manager last name]]></commentInRDBMS>
<generatorID>3B1C656B-A108-883E-7BB3-61A6DE4B528E</generatorID>
<ownerDesignName>rcl_model</ownerDesignName>
<useDomainConstraints>false</useDomainConstraints>
<use>1</use>
<logicalDatatype>LOGDT024</logicalDatatype>
<dataTypeSize>20</dataTypeSize>
<ownDataTypeParameters>20,,</ownDataTypeParameters>
<autoIncrementCycle>false</autoIncrementCycle>
</Column>
<Column name="manager_cont_phone_no" id="EFAF7270-40DD-B394-BA95-EC0D5EF694F8">
<createdBy>Jay</createdBy>
<createdTime>2024-09-16 12:13:09 UTC</createdTime>
<commentInRDBMS><![CDATA[Manager contact phone number]]></commentInRDBMS>
<generatorID>F684535D-91DD-862C-4ED0-3E2CF9525D5C</generatorID>
<ownerDesignName>rcl_model</ownerDesignName>
<useDomainConstraints>false</useDomainConstraints>
<use>1</use>
<logicalDatatype>LOGDT024</logicalDatatype>
<dataTypeSize>13</dataTypeSize>
<ownDataTypeParameters>13,,</ownDataTypeParameters>
<autoIncrementCycle>false</autoIncrementCycle>
</Column>
<Column name="branch_code" id="2FF67F5E-06D7-4785-39E9-7237A7896708">
<createdBy>Jay</createdBy>
<createdTime>2024-09-16 12:13:09 UTC</createdTime>
<commentInRDBMS><![CDATA[Branch code]]></commentInRDBMS>
<generatorID>58C03F40-E2CB-6E93-884F-F1EC2632F6AF</generatorID>
<ownerDesignName>rcl_model</ownerDesignName>
<useDomainConstraints>false</useDomainConstraints>
<use>1</use>
<logicalDatatype>LOGDT019</logicalDatatype>
<dataTypePrecision>8</dataTypePrecision>
<ownDataTypeParameters>,,</ownDataTypeParameters>
<previousColumn>false</previousColumn>
<autoIncrementCycle>false</autoIncrementCycle>
<associations>
<colAssociation fkAssociation="D124EF78-CC15-504E-D757-2D30F85556B8" referredColumn="6A6F5CDF-D17A-0813-E531-B0367D71DDFC"/>
</associations>
</Column>
</columns>
<indexes itemClass="oracle.dbtools.crest.model.design.relational.Index">
<ind_PK_UK id="AFFD1F0A-4FEA-3868-3E79-E010A66CF55C" name="MANAGER_PK">
<createdBy>Jay</createdBy>
<createdTime>2024-09-16 12:13:09 UTC</createdTime>
<generatorID>A1BB082C-1EC8-BD57-C9B2-4E4D583F8B60</generatorID>
<ownerDesignName>rcl_model</ownerDesignName>
<pk>true</pk>
<indexState>Primary Constraint</indexState>
<isSurrogateKey>false</isSurrogateKey>
<indexColumnUsage>
<colUsage columnID="071357AA-3AE8-1EDD-FDEF-2716C6BB1A49"/>
</indexColumnUsage>
</ind_PK_UK>
<ind_PK_UK id="4E046405-E1CC-7A89-9C50-9E135955615C" name="MANAGER__IDX">
<createdBy>Jay</createdBy>
<createdTime>2024-09-16 12:13:09 UTC</createdTime>
<ownerDesignName>rcl_model</ownerDesignName>
<indexState>Unique Plain Index</indexState>
<isSurrogateKey>false</isSurrogateKey>
<relationGeneratorID>151436A2-4A68-FAF3-2EF9-98EC34FF2B34</relationGeneratorID>
<indexColumnUsage>
<colUsage columnID="2FF67F5E-06D7-4785-39E9-7237A7896708"/>
</indexColumnUsage>
</ind_PK_UK>
<ind_PK_UK id="3E5F45AF-0BEB-1E57-C21C-BD7C5C83F8B2" name="HOME_BRANCH_MANAGER_FK">
<createdBy>Jay</createdBy>
<createdTime>2024-09-16 12:13:09 UTC</createdTime>
<generatorID>151436A2-4A68-FAF3-2EF9-98EC34FF2B34</generatorID>
<ownerDesignName>rcl_model</ownerDesignName>
<indexState>Foreign Key</indexState>
<isSurrogateKey>false</isSurrogateKey>
<indexColumnUsage>
<colUsage columnID="2FF67F5E-06D7-4785-39E9-7237A7896708"/>
</indexColumnUsage>
</ind_PK_UK>
</indexes>
</Table>
