<?xml version = '1.0' encoding = 'UTF-8'?>
<Table class="oracle.dbtools.crest.model.design.relational.Table" directorySegmentName="seg_0" id="1CF689F6-6084-7D30-AD7D-862493721D04" name="BOOK_COPY">
<createdBy>Jay</createdBy>
<createdTime>2024-09-16 12:13:09 UTC</createdTime>
<generatorID>ABA9117A-AB00-8D64-7090-D4A70CF3D8B3</generatorID>
<ownerDesignName>rcl_model</ownerDesignName>
<allowColumnReorder>false</allowColumnReorder>
<existDependencyGenerateInDDl>true</existDependencyGenerateInDDl>
<parsed>true</parsed>
<columns itemClass="oracle.dbtools.crest.model.design.relational.Column">
<Column name="book_copy_id" id="249E1257-AC3D-4A05-6B46-C4C9345AEE54">
<createdBy>Jay</createdBy>
<createdTime>2024-09-16 12:13:09 UTC</createdTime>
<commentInRDBMS><![CDATA[Book copy ID]]></commentInRDBMS>
<generatorID>B137F12C-0515-BB57-E454-EA98A1149AB0</generatorID>
<ownerDesignName>rcl_model</ownerDesignName>
<useDomainConstraints>false</useDomainConstraints>
<use>1</use>
<logicalDatatype>LOGDT019</logicalDatatype>
<dataTypePrecision>10</dataTypePrecision>
<ownDataTypeParameters>,10,</ownDataTypeParameters>
<autoIncrementCycle>false</autoIncrementCycle>
</Column>
<Column name="branch_code" id="11729AE0-810C-6CF5-4761-F63EC116DF84">
<createdBy>Jay</createdBy>
<createdTime>2024-09-16 12:13:09 UTC</createdTime>
<commentInRDBMS><![CDATA[Branch code]]></commentInRDBMS>
<generatorID>6C81D431-1BBC-7E65-5E95-5DDD73E7EDE2</generatorID>
<ownerDesignName>rcl_model</ownerDesignName>
<useDomainConstraints>false</useDomainConstraints>
<use>1</use>
<logicalDatatype>LOGDT019</logicalDatatype>
<dataTypePrecision>8</dataTypePrecision>
<ownDataTypeParameters>,,</ownDataTypeParameters>
<previousColumn>false</previousColumn>
<autoIncrementCycle>false</autoIncrementCycle>
<associations>
<colAssociation fkAssociation="5E4436AA-7E98-ACE2-7432-A21F30A700EB" referredColumn="6A6F5CDF-D17A-0813-E531-B0367D71DDFC"/>
</associations>
</Column>
<Column name="book_counter_status" id="0B5D26DE-AECD-EFAA-7727-FC953AA49188">
<createdBy>Jay</createdBy>
<createdTime>2024-09-16 12:13:09 UTC</createdTime>
<commentInRDBMS><![CDATA[Book counter status (reserve/loan/available)]]></commentInRDBMS>
<generatorID>E2CA6219-D253-B801-AEC2-F269F3390888</generatorID>
<ownerDesignName>rcl_model</ownerDesignName>
<constraintName>chk_book_counter_status</constraintName>
<useDomainConstraints>false</useDomainConstraints>
<use>1</use>
<logicalDatatype>LOGDT025</logicalDatatype>
<dataTypeSize>1</dataTypeSize>
<listOfValues>
<valueDef value="A" description="Available"/>
<valueDef value="L" description="Loan"/>
<valueDef value="R" description="Reserve"/>
</listOfValues>
<ownDataTypeParameters>1,,</ownDataTypeParameters>
<autoIncrementCycle>false</autoIncrementCycle>
</Column>
<Column name="book_pur_price" id="4D38E1C7-1B92-5B48-9B8B-46385B7EB9E4">
<createdBy>Jay</createdBy>
<createdTime>2024-09-16 12:13:09 UTC</createdTime>
<commentInRDBMS><![CDATA[Book purchase price]]></commentInRDBMS>
<generatorID>90C8177B-23FD-2C7D-2C82-4C7590205699</generatorID>
<ownerDesignName>rcl_model</ownerDesignName>
<useDomainConstraints>false</useDomainConstraints>
<use>1</use>
<logicalDatatype>LOGDT019</logicalDatatype>
<dataTypePrecision>8</dataTypePrecision>
<dataTypeScale>2</dataTypeScale>
<ownDataTypeParameters>,8,2</ownDataTypeParameters>
<autoIncrementCycle>false</autoIncrementCycle>
</Column>
<Column name="identifier_isbn" id="B35D2E84-062F-E19A-A6DB-E56091476CCB">
<createdBy>Jay</createdBy>
<createdTime>2024-09-16 12:13:09 UTC</createdTime>
<commentInRDBMS><![CDATA[Identifier ISBN 13 number]]></commentInRDBMS>
<generatorID>701B6119-E3E6-574E-BFCB-C7FD781CBA60</generatorID>
<ownerDesignName>rcl_model</ownerDesignName>
<useDomainConstraints>false</useDomainConstraints>
<use>1</use>
<logicalDatatype>LOGDT019</logicalDatatype>
<dataTypePrecision>13</dataTypePrecision>
<ownDataTypeParameters>,,</ownDataTypeParameters>
<previousColumn>false</previousColumn>
<autoIncrementCycle>false</autoIncrementCycle>
<associations>
<colAssociation fkAssociation="E7D78855-C06E-C48B-3512-7D4C51880B0F" referredColumn="FA3FF7BF-F5CA-B6D1-D4B7-F5CDA266D970"/>
</associations>
</Column>
</columns>
<indexes itemClass="oracle.dbtools.crest.model.design.relational.Index">
<ind_PK_UK id="9B4D13F8-D398-03F6-898C-7B57D1AC4913" name="BOOK_COPY_PK">
<createdBy>Jay</createdBy>
<createdTime>2024-09-16 12:13:09 UTC</createdTime>
<generatorID>91EAF773-EED0-0BC7-21C9-A9FA233F96B2</generatorID>
<ownerDesignName>rcl_model</ownerDesignName>
<pk>true</pk>
<indexState>Primary Constraint</indexState>
<isSurrogateKey>false</isSurrogateKey>
<indexColumnUsage>
<colUsage columnID="249E1257-AC3D-4A05-6B46-C4C9345AEE54"/>
<colUsage columnID="11729AE0-810C-6CF5-4761-F63EC116DF84"/>
</indexColumnUsage>
</ind_PK_UK>
<ind_PK_UK id="4F8CAC8A-E8AA-C853-F756-FE6D52D95A77" name="BOOKCOPY_IDENTIFIER_FK">
<createdBy>Jay</createdBy>
<createdTime>2024-09-16 12:13:09 UTC</createdTime>
<generatorID>161FAFF0-2171-9C95-C8A0-BB89ABCD12D0</generatorID>
<ownerDesignName>rcl_model</ownerDesignName>
<indexState>Foreign Key</indexState>
<isSurrogateKey>false</isSurrogateKey>
<indexColumnUsage>
<colUsage columnID="B35D2E84-062F-E19A-A6DB-E56091476CCB"/>
</indexColumnUsage>
</ind_PK_UK>
<ind_PK_UK id="B8E9D2A2-6C2E-B655-AB19-1394FF6618D7" name="BRANCH_BOOKCOPY_FK">
<createdBy>Jay</createdBy>
<createdTime>2024-09-16 12:13:09 UTC</createdTime>
<generatorID>787B1406-6804-3F39-E1F8-81F63E8D1132</generatorID>
<ownerDesignName>rcl_model</ownerDesignName>
<indexState>Foreign Key</indexState>
<isSurrogateKey>false</isSurrogateKey>
<indexColumnUsage>
<colUsage columnID="11729AE0-810C-6CF5-4761-F63EC116DF84"/>
</indexColumnUsage>
</ind_PK_UK>
</indexes>
</Table>
