<?xml version = '1.0' encoding = 'UTF-8'?>
<Table class="oracle.dbtools.crest.model.design.relational.Table" directorySegmentName="seg_0" id="328CBDE5-9298-5FB0-496C-BA0505F9BCA4" name="RESERVE">
<createdBy>Jay</createdBy>
<createdTime>2024-09-16 12:13:09 UTC</createdTime>
<generatorID>86F1B2A3-D29B-4B1B-28E6-D70E1F779D07</generatorID>
<ownerDesignName>rcl_model</ownerDesignName>
<allowColumnReorder>false</allowColumnReorder>
<existDependencyGenerateInDDl>true</existDependencyGenerateInDDl>
<parsed>true</parsed>
<columns itemClass="oracle.dbtools.crest.model.design.relational.Column">
<Column name="borrower_no" id="CDE7F8BB-0683-3E1D-5694-4774756629B5">
<createdBy>Jay</createdBy>
<createdTime>2024-09-16 12:13:09 UTC</createdTime>
<commentInRDBMS><![CDATA[Borrower number]]></commentInRDBMS>
<generatorID>EBB39154-556D-EA65-CF5D-DCA0B1D31C51</generatorID>
<ownerDesignName>rcl_model</ownerDesignName>
<useDomainConstraints>false</useDomainConstraints>
<use>1</use>
<logicalDatatype>LOGDT019</logicalDatatype>
<dataTypePrecision>10</dataTypePrecision>
<ownDataTypeParameters>,,</ownDataTypeParameters>
<previousColumn>false</previousColumn>
<autoIncrementCycle>false</autoIncrementCycle>
<associations>
<colAssociation fkAssociation="BC49A7F8-B21B-F6DB-8AB8-AEA9633ABBC8" referredColumn="62CF42F7-175F-127F-B16E-CB6756A9C6D4"/>
</associations>
</Column>
<Column name="reserve_create_date_time" id="8A8B27E0-C30D-8677-8F40-A5FCEF895BC7">
<createdBy>Jay</createdBy>
<createdTime>2024-09-16 12:13:09 UTC</createdTime>
<commentInRDBMS><![CDATA[Reserve create date and time]]></commentInRDBMS>
<generatorID>09A824C5-014A-8376-5FF1-CE5E6B8AE0EE</generatorID>
<ownerDesignName>rcl_model</ownerDesignName>
<useDomainConstraints>false</useDomainConstraints>
<use>1</use>
<logicalDatatype>LOGDT007</logicalDatatype>
<ownDataTypeParameters>,,</ownDataTypeParameters>
<autoIncrementCycle>false</autoIncrementCycle>
</Column>
<Column name="book_copy_id" id="4AAB2CDC-F594-BA56-ECA0-264300B2B599">
<createdBy>Jay</createdBy>
<createdTime>2024-09-16 12:13:09 UTC</createdTime>
<commentInRDBMS><![CDATA[Book copy ID]]></commentInRDBMS>
<generatorID>020438DC-9B8A-B0CF-A57F-360A0CD1D049</generatorID>
<ownerDesignName>rcl_model</ownerDesignName>
<useDomainConstraints>false</useDomainConstraints>
<use>1</use>
<logicalDatatype>LOGDT019</logicalDatatype>
<dataTypePrecision>10</dataTypePrecision>
<ownDataTypeParameters>,,</ownDataTypeParameters>
<previousColumn>false</previousColumn>
<autoIncrementCycle>false</autoIncrementCycle>
<associations>
<colAssociation fkAssociation="8F282EB4-AA12-F4D9-4B45-AAE64F055AA8" referredColumn="249E1257-AC3D-4A05-6B46-C4C9345AEE54"/>
</associations>
</Column>
<Column name="branch_code" id="41586A7E-35C3-070B-4BD5-29F8E93D2C25">
<createdBy>Jay</createdBy>
<createdTime>2024-09-16 12:13:09 UTC</createdTime>
<commentInRDBMS><![CDATA[Branch code]]></commentInRDBMS>
<generatorID>1C93EA03-6B9A-49F7-2222-27A17A01C19B</generatorID>
<ownerDesignName>rcl_model</ownerDesignName>
<useDomainConstraints>false</useDomainConstraints>
<use>1</use>
<logicalDatatype>LOGDT019</logicalDatatype>
<dataTypePrecision>8</dataTypePrecision>
<ownDataTypeParameters>,,</ownDataTypeParameters>
<previousColumn>false</previousColumn>
<autoIncrementCycle>false</autoIncrementCycle>
<associations>
<colAssociation fkAssociation="8F282EB4-AA12-F4D9-4B45-AAE64F055AA8" referredColumn="11729AE0-810C-6CF5-4761-F63EC116DF84"/>
</associations>
</Column>
<Column name="reserve_no" id="B9AA1961-1725-3B1A-88D4-1E7C7962EA83">
<createdBy>Jay</createdBy>
<createdTime>2024-09-16 12:13:09 UTC</createdTime>
<commentInRDBMS><![CDATA[Surrogate key reserve number, there are two existing primary keys, we need to combined them into one primary key as a surrogate key.]]></commentInRDBMS>
<generatorID>373E0A3C-CB03-DBEC-017A-9D1A85DCC3CC</generatorID>
<ownerDesignName>rcl_model</ownerDesignName>
<useDomainConstraints>false</useDomainConstraints>
<use>1</use>
<logicalDatatype>LOGDT019</logicalDatatype>
<dataTypePrecision>10</dataTypePrecision>
<ownDataTypeParameters>,10,</ownDataTypeParameters>
<autoIncrementCycle>false</autoIncrementCycle>
</Column>
</columns>
<indexes itemClass="oracle.dbtools.crest.model.design.relational.Index">
<ind_PK_UK id="127070A7-B829-8953-30EF-5F8FA824D777" name="RESERVE_PK">
<createdBy>Jay</createdBy>
<createdTime>2024-09-16 12:13:09 UTC</createdTime>
<generatorID>3ACAE682-48BC-14C2-36CD-E1848294A884</generatorID>
<ownerDesignName>rcl_model</ownerDesignName>
<pk>true</pk>
<indexState>Primary Constraint</indexState>
<isSurrogateKey>false</isSurrogateKey>
<indexColumnUsage>
<colUsage columnID="4AAB2CDC-F594-BA56-ECA0-264300B2B599"/>
<colUsage columnID="41586A7E-35C3-070B-4BD5-29F8E93D2C25"/>
<colUsage columnID="B9AA1961-1725-3B1A-88D4-1E7C7962EA83"/>
</indexColumnUsage>
</ind_PK_UK>
<ind_PK_UK id="54319DDF-F95A-0CBA-491E-A247A409606C" name="RESERVE_NK">
<createdBy>Jay</createdBy>
<createdTime>2024-09-16 12:13:09 UTC</createdTime>
<generatorID>31B52CE6-D77C-A73B-77FD-84DC3A47184B</generatorID>
<ownerDesignName>rcl_model</ownerDesignName>
<indexState>Unique Constraint</indexState>
<isSurrogateKey>false</isSurrogateKey>
<indexColumnUsage>
<colUsage columnID="4AAB2CDC-F594-BA56-ECA0-264300B2B599"/>
<colUsage columnID="41586A7E-35C3-070B-4BD5-29F8E93D2C25"/>
<colUsage columnID="CDE7F8BB-0683-3E1D-5694-4774756629B5"/>
</indexColumnUsage>
</ind_PK_UK>
<ind_PK_UK id="79BDECB1-A065-9B59-D83E-C81DCD0A6EE8" name="BOOKCOPY_RESERVE_FK">
<createdBy>Jay</createdBy>
<createdTime>2024-09-16 12:13:09 UTC</createdTime>
<generatorID>05E5CD0A-ABB9-9C11-6083-A3C317121036</generatorID>
<ownerDesignName>rcl_model</ownerDesignName>
<indexState>Foreign Key</indexState>
<isSurrogateKey>false</isSurrogateKey>
<indexColumnUsage>
<colUsage columnID="4AAB2CDC-F594-BA56-ECA0-264300B2B599"/>
<colUsage columnID="41586A7E-35C3-070B-4BD5-29F8E93D2C25"/>
</indexColumnUsage>
</ind_PK_UK>
<ind_PK_UK id="991D2E52-2660-16D9-9D29-5A2A06D7A647" name="BORROWER_RESERVE_PK">
<createdBy>Jay</createdBy>
<createdTime>2024-09-16 12:13:09 UTC</createdTime>
<generatorID>AA491802-4E6C-4260-0A8E-2DE2F4A996C9</generatorID>
<ownerDesignName>rcl_model</ownerDesignName>
<indexState>Foreign Key</indexState>
<isSurrogateKey>false</isSurrogateKey>
<indexColumnUsage>
<colUsage columnID="CDE7F8BB-0683-3E1D-5694-4774756629B5"/>
</indexColumnUsage>
</ind_PK_UK>
</indexes>
</Table>
