<?xml version = '1.0' encoding = 'UTF-8'?>
<Table class="oracle.dbtools.crest.model.design.relational.Table" directorySegmentName="seg_0" id="3ED76B60-CC3D-8EFF-FB7F-0C13E71B30B9" name="LGA">
<createdBy>Jay</createdBy>
<createdTime>2024-09-16 12:13:09 UTC</createdTime>
<generatorID>20E2B73A-8165-5786-9D77-1455CEEA3057</generatorID>
<ownerDesignName>rcl_model</ownerDesignName>
<allowColumnReorder>false</allowColumnReorder>
<existDependencyGenerateInDDl>true</existDependencyGenerateInDDl>
<parsed>true</parsed>
<columns itemClass="oracle.dbtools.crest.model.design.relational.Column">
<Column name="lga_code" id="10E458BB-3191-E935-15E9-DE2BE29BEF27">
<createdBy>Jay</createdBy>
<createdTime>2024-09-16 12:13:09 UTC</createdTime>
<commentInRDBMS><![CDATA[LGA code]]></commentInRDBMS>
<generatorID>A09D1670-B958-DD5B-0A85-BB28A328BB37</generatorID>
<ownerDesignName>rcl_model</ownerDesignName>
<useDomainConstraints>false</useDomainConstraints>
<use>1</use>
<logicalDatatype>LOGDT019</logicalDatatype>
<dataTypePrecision>10</dataTypePrecision>
<ownDataTypeParameters>,10,</ownDataTypeParameters>
<autoIncrementCycle>false</autoIncrementCycle>
</Column>
<Column name="lga_service_cont_name" id="4673AF92-0C37-7912-960F-089A37B62D85">
<createdBy>Jay</createdBy>
<createdTime>2024-09-16 12:13:09 UTC</createdTime>
<commentInRDBMS><![CDATA[LGA service contact name]]></commentInRDBMS>
<generatorID>2AC86C8D-0E1E-17C6-1B78-518C3C41602A</generatorID>
<ownerDesignName>rcl_model</ownerDesignName>
<useDomainConstraints>false</useDomainConstraints>
<use>1</use>
<logicalDatatype>LOGDT024</logicalDatatype>
<dataTypeSize>20</dataTypeSize>
<ownDataTypeParameters>20,,</ownDataTypeParameters>
<autoIncrementCycle>false</autoIncrementCycle>
</Column>
<Column name="lga_cont_phone_no" id="59DEA889-2997-DF1C-B876-7BE41A6B9B65">
<createdBy>Jay</createdBy>
<createdTime>2024-09-16 12:13:09 UTC</createdTime>
<commentInRDBMS><![CDATA[LGA contact phone number]]></commentInRDBMS>
<generatorID>57DBEEB4-7AEE-22FD-C68B-0CFDCFB2FCDB</generatorID>
<ownerDesignName>rcl_model</ownerDesignName>
<useDomainConstraints>false</useDomainConstraints>
<use>1</use>
<logicalDatatype>LOGDT024</logicalDatatype>
<dataTypeSize>13</dataTypeSize>
<ownDataTypeParameters>13,,</ownDataTypeParameters>
<autoIncrementCycle>false</autoIncrementCycle>
</Column>
<Column name="lga_size" id="CDF6F1AE-F64F-422F-1323-215FB3DF56AE">
<createdBy>Jay</createdBy>
<createdTime>2024-09-16 12:13:09 UTC</createdTime>
<commentInRDBMS><![CDATA[LGA size]]></commentInRDBMS>
<generatorID>988DE95E-6C53-3820-0E2D-484432EC9DEB</generatorID>
<ownerDesignName>rcl_model</ownerDesignName>
<useDomainConstraints>false</useDomainConstraints>
<use>1</use>
<logicalDatatype>LOGDT019</logicalDatatype>
<dataTypePrecision>10</dataTypePrecision>
<dataTypeScale>2</dataTypeScale>
<ownDataTypeParameters>,10,2</ownDataTypeParameters>
<autoIncrementCycle>false</autoIncrementCycle>
</Column>
<Column name="lga_name" id="535363D8-CEBB-C536-A609-6308A8E84BDE">
<createdBy>Jay</createdBy>
<createdTime>2024-09-16 12:13:09 UTC</createdTime>
<commentInRDBMS><![CDATA[LGA name]]></commentInRDBMS>
<generatorID>B333519D-4B9A-7A88-C004-A1D9D44DD92A</generatorID>
<ownerDesignName>rcl_model</ownerDesignName>
<useDomainConstraints>false</useDomainConstraints>
<use>1</use>
<logicalDatatype>LOGDT024</logicalDatatype>
<dataTypeSize>30</dataTypeSize>
<ownDataTypeParameters>30,,</ownDataTypeParameters>
<autoIncrementCycle>false</autoIncrementCycle>
</Column>
</columns>
<indexes itemClass="oracle.dbtools.crest.model.design.relational.Index">
<ind_PK_UK id="C0BE918C-CD73-6AFB-CAE8-E536F09BB12F" name="PK">
<createdBy>Jay</createdBy>
<createdTime>2024-09-16 12:13:09 UTC</createdTime>
<generatorID>6AEE4B81-9B50-689B-3DDE-14B5B622F29A</generatorID>
<ownerDesignName>rcl_model</ownerDesignName>
<pk>true</pk>
<indexState>Primary Constraint</indexState>
<isSurrogateKey>false</isSurrogateKey>
<indexColumnUsage>
<colUsage columnID="10E458BB-3191-E935-15E9-DE2BE29BEF27"/>
</indexColumnUsage>
</ind_PK_UK>
</indexes>
</Table>
