<?xml version = '1.0' encoding = 'UTF-8'?>
<Table class="oracle.dbtools.crest.model.design.relational.Table" directorySegmentName="seg_0" id="6EF31D1C-0939-499D-5007-B6E20CB0B693" name="CATALOGUE">
<createdBy>Jay</createdBy>
<createdTime>2024-09-16 12:13:09 UTC</createdTime>
<generatorID>FF71328C-8CEB-16F6-B4AD-9B63DBFF60C4</generatorID>
<ownerDesignName>rcl_model</ownerDesignName>
<allowColumnReorder>false</allowColumnReorder>
<existDependencyGenerateInDDl>true</existDependencyGenerateInDDl>
<parsed>true</parsed>
<columns itemClass="oracle.dbtools.crest.model.design.relational.Column">
<Column name="catal_call_no" id="E30E526E-4BA7-9860-E1CB-9259D07D9421">
<createdBy>Jay</createdBy>
<createdTime>2024-09-16 12:13:09 UTC</createdTime>
<commentInRDBMS><![CDATA[Catalogue call number]]></commentInRDBMS>
<generatorID>06733FE5-7487-7FB0-D9D4-035EFCBCDA89</generatorID>
<ownerDesignName>rcl_model</ownerDesignName>
<useDomainConstraints>false</useDomainConstraints>
<use>1</use>
<logicalDatatype>LOGDT024</logicalDatatype>
<dataTypeSize>13</dataTypeSize>
<ownDataTypeParameters>13,,</ownDataTypeParameters>
<autoIncrementCycle>false</autoIncrementCycle>
</Column>
<Column name="catal_content" id="07C73A96-96B8-15F8-8166-CB7857B2AFFF">
<createdBy>Jay</createdBy>
<createdTime>2024-09-16 12:13:09 UTC</createdTime>
<commentInRDBMS><![CDATA[Catalogue content]]></commentInRDBMS>
<generatorID>398A9D5B-57B5-1E18-AD8A-7BF992E6E5BF</generatorID>
<ownerDesignName>rcl_model</ownerDesignName>
<useDomainConstraints>false</useDomainConstraints>
<use>1</use>
<logicalDatatype>LOGDT024</logicalDatatype>
<dataTypeSize>2000</dataTypeSize>
<ownDataTypeParameters>2000,,</ownDataTypeParameters>
<autoIncrementCycle>false</autoIncrementCycle>
</Column>
<Column name="catal_title" id="BBAD7252-C25C-3A57-5E20-ABE72619ADD4">
<createdBy>Jay</createdBy>
<createdTime>2024-09-16 12:13:09 UTC</createdTime>
<commentInRDBMS><![CDATA[Catalogue title]]></commentInRDBMS>
<generatorID>EBD9A70F-8515-88A8-EA0F-A23726F764A4</generatorID>
<ownerDesignName>rcl_model</ownerDesignName>
<useDomainConstraints>false</useDomainConstraints>
<use>1</use>
<logicalDatatype>LOGDT024</logicalDatatype>
<dataTypeSize>50</dataTypeSize>
<ownDataTypeParameters>50,,</ownDataTypeParameters>
<autoIncrementCycle>false</autoIncrementCycle>
</Column>
<Column name="catal_date_published" id="F115ED27-DF04-39F3-E97A-3E0B1BF88B24">
<createdBy>Jay</createdBy>
<createdTime>2024-09-16 12:13:09 UTC</createdTime>
<commentInRDBMS><![CDATA[Catalogue published year]]></commentInRDBMS>
<generatorID>B9FEA789-8DD6-6564-B94F-DCAF0F646EC3</generatorID>
<ownerDesignName>rcl_model</ownerDesignName>
<useDomainConstraints>false</useDomainConstraints>
<use>1</use>
<logicalDatatype>LOGDT025</logicalDatatype>
<dataTypeSize>4</dataTypeSize>
<ownDataTypeParameters>4,,</ownDataTypeParameters>
<autoIncrementCycle>false</autoIncrementCycle>
</Column>
<Column name="catal_classification" id="51A00DD1-D362-8FBF-7226-D8A67696CF5E">
<createdBy>Jay</createdBy>
<createdTime>2024-09-16 12:13:09 UTC</createdTime>
<commentInRDBMS><![CDATA[Catalogue classification(fiction or reference)]]></commentInRDBMS>
<generatorID>20EE52D5-7153-F705-E3F9-248B9A601956</generatorID>
<ownerDesignName>rcl_model</ownerDesignName>
<constraintName>chk_catal_classification</constraintName>
<useDomainConstraints>false</useDomainConstraints>
<use>1</use>
<logicalDatatype>LOGDT025</logicalDatatype>
<dataTypeSize>1</dataTypeSize>
<listOfValues>
<valueDef value="F" description="Fiction"/>
<valueDef value="R" description="Reference"/>
</listOfValues>
<ownDataTypeParameters>1,,</ownDataTypeParameters>
<autoIncrementCycle>false</autoIncrementCycle>
</Column>
<Column name="catal_page_no" id="4ACED46D-1786-0D0F-5367-57416ABB69BF">
<createdBy>Jay</createdBy>
<createdTime>2024-09-16 12:13:09 UTC</createdTime>
<commentInRDBMS><![CDATA[Catalogue page number]]></commentInRDBMS>
<generatorID>F9751271-0890-3A8C-A203-0974B9B15A24</generatorID>
<ownerDesignName>rcl_model</ownerDesignName>
<useDomainConstraints>false</useDomainConstraints>
<use>1</use>
<logicalDatatype>LOGDT019</logicalDatatype>
<dataTypePrecision>5</dataTypePrecision>
<ownDataTypeParameters>,5,</ownDataTypeParameters>
<autoIncrementCycle>false</autoIncrementCycle>
</Column>
<Column name="catal_reading_level" id="9534E26C-8A91-84A6-FA45-A31243E1C449">
<createdBy>Jay</createdBy>
<createdTime>2024-09-16 12:13:09 UTC</createdTime>
<commentInRDBMS><![CDATA[Catalague reading level(1-30)]]></commentInRDBMS>
<generatorID>904D70E3-F7B2-FA28-C39B-405DFEF9B43C</generatorID>
<ownerDesignName>rcl_model</ownerDesignName>
<useDomainConstraints>false</useDomainConstraints>
<use>1</use>
<logicalDatatype>LOGDT019</logicalDatatype>
<dataTypePrecision>2</dataTypePrecision>
<ownDataTypeParameters>,2,</ownDataTypeParameters>
<autoIncrementCycle>false</autoIncrementCycle>
</Column>
<Column name="catal_language" id="ECE66E0F-82F0-5173-8F2A-6DC3BD3FCBBE">
<createdBy>Jay</createdBy>
<createdTime>2024-09-16 12:13:09 UTC</createdTime>
<commentInRDBMS><![CDATA[Catalogue language]]></commentInRDBMS>
<generatorID>A2093593-D8DD-801D-61D6-755DE66234FB</generatorID>
<ownerDesignName>rcl_model</ownerDesignName>
<useDomainConstraints>false</useDomainConstraints>
<use>1</use>
<logicalDatatype>LOGDT024</logicalDatatype>
<dataTypeSize>20</dataTypeSize>
<ownDataTypeParameters>20,,</ownDataTypeParameters>
<autoIncrementCycle>false</autoIncrementCycle>
</Column>
<Column name="catal_edition" id="2818F9C9-9942-16B5-C53A-007530826A5C">
<createdBy>Jay</createdBy>
<createdTime>2024-09-16 12:13:09 UTC</createdTime>
<commentInRDBMS><![CDATA[Catalogue edition]]></commentInRDBMS>
<generatorID>E778A724-F75D-9006-F834-85936C279874</generatorID>
<ownerDesignName>rcl_model</ownerDesignName>
<nullsAllowed>true</nullsAllowed>
<useDomainConstraints>false</useDomainConstraints>
<use>1</use>
<logicalDatatype>LOGDT024</logicalDatatype>
<dataTypeSize>20</dataTypeSize>
<ownDataTypeParameters>20,,</ownDataTypeParameters>
<autoIncrementCycle>false</autoIncrementCycle>
</Column>
<Column name="catal_note" id="5E35023A-E33F-0EE1-FFF5-E5C3F0EF6EBC">
<createdBy>Jay</createdBy>
<createdTime>2024-09-16 12:13:09 UTC</createdTime>
<commentInRDBMS><![CDATA[Catalogue note]]></commentInRDBMS>
<generatorID>280F423C-C345-A298-B3FD-3F8AE8816E70</generatorID>
<ownerDesignName>rcl_model</ownerDesignName>
<nullsAllowed>true</nullsAllowed>
<useDomainConstraints>false</useDomainConstraints>
<use>1</use>
<logicalDatatype>LOGDT024</logicalDatatype>
<dataTypeSize>200</dataTypeSize>
<ownDataTypeParameters>200,,</ownDataTypeParameters>
<autoIncrementCycle>false</autoIncrementCycle>
</Column>
<Column name="publisher_no" id="1BE3268E-89E3-7B10-52FF-473FA1B2F870">
<createdBy>Jay</createdBy>
<createdTime>2024-09-16 12:13:09 UTC</createdTime>
<commentInRDBMS><![CDATA[Publisher number]]></commentInRDBMS>
<generatorID>91CFBDDA-22E5-2039-C0E5-44664D096CFB</generatorID>
<ownerDesignName>rcl_model</ownerDesignName>
<useDomainConstraints>false</useDomainConstraints>
<use>1</use>
<logicalDatatype>LOGDT019</logicalDatatype>
<dataTypePrecision>10</dataTypePrecision>
<ownDataTypeParameters>,,</ownDataTypeParameters>
<previousColumn>false</previousColumn>
<autoIncrementCycle>false</autoIncrementCycle>
<associations>
<colAssociation fkAssociation="3336AF38-2631-83BB-F834-9887CD24C08C" referredColumn="47AB13CD-9EAD-C9D6-2113-37DC664A6CAE"/>
</associations>
</Column>
</columns>
<indexes itemClass="oracle.dbtools.crest.model.design.relational.Index">
<ind_PK_UK id="2D42783E-E875-1E83-6645-CB0ACE5E28D1" name="CATALOGUE_ENTRY_PK">
<createdBy>Jay</createdBy>
<createdTime>2024-09-16 12:13:09 UTC</createdTime>
<generatorID>130BDF89-219A-EE1B-DE5B-D507D70F1A4F</generatorID>
<ownerDesignName>rcl_model</ownerDesignName>
<pk>true</pk>
<indexState>Primary Constraint</indexState>
<isSurrogateKey>false</isSurrogateKey>
<indexColumnUsage>
<colUsage columnID="E30E526E-4BA7-9860-E1CB-9259D07D9421"/>
</indexColumnUsage>
</ind_PK_UK>
<ind_PK_UK id="CE2DE8B3-8B58-939F-0C49-B2533562E1A6" name="PUBLISHER_CATALOGUE_FK">
<createdBy>Jay</createdBy>
<createdTime>2024-09-16 12:13:09 UTC</createdTime>
<generatorID>FF36F47B-AF1D-B719-B0DB-36D952B30D7D</generatorID>
<ownerDesignName>rcl_model</ownerDesignName>
<indexState>Foreign Key</indexState>
<isSurrogateKey>false</isSurrogateKey>
<indexColumnUsage>
<colUsage columnID="1BE3268E-89E3-7B10-52FF-473FA1B2F870"/>
</indexColumnUsage>
</ind_PK_UK>
</indexes>
</Table>
