<?xml version = '1.0' encoding = 'UTF-8'?>
<Table class="oracle.dbtools.crest.model.design.relational.Table" directorySegmentName="seg_0" id="725652DF-5CFB-99D7-531F-FCEFBA7F7CB7" name="AUTHOR">
<createdBy>Jay</createdBy>
<createdTime>2024-09-16 12:13:09 UTC</createdTime>
<generatorID>FE400214-FBD4-C743-3DD4-DDEFBF59FB05</generatorID>
<ownerDesignName>rcl_model</ownerDesignName>
<allowColumnReorder>false</allowColumnReorder>
<existDependencyGenerateInDDl>true</existDependencyGenerateInDDl>
<parsed>true</parsed>
<columns itemClass="oracle.dbtools.crest.model.design.relational.Column">
<Column name="author_no" id="106611AA-A269-4ADD-C798-5BC72A2162AC">
<createdBy>Jay</createdBy>
<createdTime>2024-09-16 12:13:09 UTC</createdTime>
<commentInRDBMS><![CDATA[Author number]]></commentInRDBMS>
<generatorID>B75ADF8D-A2D7-23D3-175B-832101E0EA0A</generatorID>
<ownerDesignName>rcl_model</ownerDesignName>
<useDomainConstraints>false</useDomainConstraints>
<use>1</use>
<logicalDatatype>LOGDT019</logicalDatatype>
<dataTypePrecision>10</dataTypePrecision>
<ownDataTypeParameters>,10,</ownDataTypeParameters>
<autoIncrementCycle>false</autoIncrementCycle>
</Column>
<Column name="author_fname" id="51C5231F-2C3C-DA2D-CC46-06BA8170C54F">
<createdBy>Jay</createdBy>
<createdTime>2024-09-16 12:13:09 UTC</createdTime>
<commentInRDBMS><![CDATA[Author first name]]></commentInRDBMS>
<generatorID>955D4B32-1471-C15D-58FF-7EA68F8E4887</generatorID>
<ownerDesignName>rcl_model</ownerDesignName>
<useDomainConstraints>false</useDomainConstraints>
<use>1</use>
<logicalDatatype>LOGDT024</logicalDatatype>
<dataTypeSize>20</dataTypeSize>
<ownDataTypeParameters>20,,</ownDataTypeParameters>
<autoIncrementCycle>false</autoIncrementCycle>
</Column>
<Column name="author_lname" id="1BD6B9E9-63F6-5211-20F5-35986AF569D1">
<createdBy>Jay</createdBy>
<createdTime>2024-09-16 12:13:09 UTC</createdTime>
<commentInRDBMS><![CDATA[Author last name]]></commentInRDBMS>
<generatorID>077BE94B-108A-7D99-6D97-E1A7C6C5842B</generatorID>
<ownerDesignName>rcl_model</ownerDesignName>
<useDomainConstraints>false</useDomainConstraints>
<use>1</use>
<logicalDatatype>LOGDT024</logicalDatatype>
<dataTypeSize>20</dataTypeSize>
<ownDataTypeParameters>20,,</ownDataTypeParameters>
<autoIncrementCycle>false</autoIncrementCycle>
</Column>
</columns>
<indexes itemClass="oracle.dbtools.crest.model.design.relational.Index">
<ind_PK_UK id="F11EEE48-942A-F6C0-A88E-6DD0F96D8DF6" name="AUTHOR_PK">
<createdBy>Jay</createdBy>
<createdTime>2024-09-16 12:13:09 UTC</createdTime>
<generatorID>B7166192-01EB-517F-E071-8F4101BED652</generatorID>
<ownerDesignName>rcl_model</ownerDesignName>
<pk>true</pk>
<indexState>Primary Constraint</indexState>
<isSurrogateKey>false</isSurrogateKey>
<indexColumnUsage>
<colUsage columnID="106611AA-A269-4ADD-C798-5BC72A2162AC"/>
</indexColumnUsage>
</ind_PK_UK>
</indexes>
</Table>
