<?xml version = '1.0' encoding = 'UTF-8'?>
<Table class="oracle.dbtools.crest.model.design.relational.Table" directorySegmentName="seg_0" id="873B8158-ED79-A19D-89E7-0205AEFD6072" name="BORROWER">
<createdBy>Jay</createdBy>
<createdTime>2024-09-16 12:13:09 UTC</createdTime>
<generatorID>BC4C27F1-B14C-C116-1709-6306FD52CA39</generatorID>
<ownerDesignName>rcl_model</ownerDesignName>
<allowColumnReorder>false</allowColumnReorder>
<existDependencyGenerateInDDl>true</existDependencyGenerateInDDl>
<parsed>true</parsed>
<columns itemClass="oracle.dbtools.crest.model.design.relational.Column">
<Column name="borrower_no" id="62CF42F7-175F-127F-B16E-CB6756A9C6D4">
<createdBy>Jay</createdBy>
<createdTime>2024-09-16 12:13:09 UTC</createdTime>
<commentInRDBMS><![CDATA[Borrower number]]></commentInRDBMS>
<generatorID>EDEF0B18-3E33-3E08-E1F3-F407E6586820</generatorID>
<ownerDesignName>rcl_model</ownerDesignName>
<useDomainConstraints>false</useDomainConstraints>
<use>1</use>
<logicalDatatype>LOGDT019</logicalDatatype>
<dataTypePrecision>10</dataTypePrecision>
<ownDataTypeParameters>,10,</ownDataTypeParameters>
<autoIncrementCycle>false</autoIncrementCycle>
</Column>
<Column name="borrower_fname" id="B0F7A7C7-4751-8590-BDFB-F1CF6D6AA70A">
<createdBy>Jay</createdBy>
<createdTime>2024-09-16 12:13:09 UTC</createdTime>
<commentInRDBMS><![CDATA[Borrower first name]]></commentInRDBMS>
<generatorID>BADE8A38-4980-3ECF-FAEC-85CCB710179F</generatorID>
<ownerDesignName>rcl_model</ownerDesignName>
<useDomainConstraints>false</useDomainConstraints>
<use>1</use>
<logicalDatatype>LOGDT024</logicalDatatype>
<dataTypeSize>20</dataTypeSize>
<ownDataTypeParameters>20,,</ownDataTypeParameters>
<autoIncrementCycle>false</autoIncrementCycle>
</Column>
<Column name="borrower_lname" id="9464D68C-8EB0-492C-2B5B-BEB5F25A3013">
<createdBy>Jay</createdBy>
<createdTime>2024-09-16 12:13:09 UTC</createdTime>
<commentInRDBMS><![CDATA[Borrower last name]]></commentInRDBMS>
<generatorID>ECC1A194-BA80-2045-2E2A-1CD1AC866A72</generatorID>
<ownerDesignName>rcl_model</ownerDesignName>
<useDomainConstraints>false</useDomainConstraints>
<use>1</use>
<logicalDatatype>LOGDT024</logicalDatatype>
<dataTypeSize>20</dataTypeSize>
<ownDataTypeParameters>20,,</ownDataTypeParameters>
<autoIncrementCycle>false</autoIncrementCycle>
</Column>
<Column name="borrower_address" id="D52C602D-A50C-B078-79DC-59D55764F364">
<createdBy>Jay</createdBy>
<createdTime>2024-09-16 12:13:09 UTC</createdTime>
<commentInRDBMS><![CDATA[Borrower address]]></commentInRDBMS>
<generatorID>0762AF07-F76C-2492-B83C-892056D5B25E</generatorID>
<ownerDesignName>rcl_model</ownerDesignName>
<useDomainConstraints>false</useDomainConstraints>
<use>1</use>
<logicalDatatype>LOGDT024</logicalDatatype>
<dataTypeSize>50</dataTypeSize>
<ownDataTypeParameters>50,,</ownDataTypeParameters>
<autoIncrementCycle>false</autoIncrementCycle>
</Column>
<Column name="borrower_phoneno" id="5343E060-96F3-364E-9BEA-BB1F8053FE66">
<createdBy>Jay</createdBy>
<createdTime>2024-09-16 12:13:09 UTC</createdTime>
<commentInRDBMS><![CDATA[Borrower phone number]]></commentInRDBMS>
<generatorID>F385AFDC-249A-DA5F-0573-7A99988D38CD</generatorID>
<ownerDesignName>rcl_model</ownerDesignName>
<useDomainConstraints>false</useDomainConstraints>
<use>1</use>
<logicalDatatype>LOGDT024</logicalDatatype>
<dataTypeSize>13</dataTypeSize>
<ownDataTypeParameters>13,,</ownDataTypeParameters>
<autoIncrementCycle>false</autoIncrementCycle>
</Column>
<Column name="bcls_type" id="20238C63-C9C7-BA72-F0C8-B2AB840556B6">
<createdBy>Jay</createdBy>
<createdTime>2024-09-16 12:13:09 UTC</createdTime>
<commentInRDBMS><![CDATA[Borrower class type]]></commentInRDBMS>
<generatorID>62AC47EE-A172-EE4A-24DD-1C776A051C16</generatorID>
<ownerDesignName>rcl_model</ownerDesignName>
<useDomainConstraints>false</useDomainConstraints>
<use>1</use>
<logicalDatatype>LOGDT024</logicalDatatype>
<dataTypeSize>30</dataTypeSize>
<ownDataTypeParameters>,,</ownDataTypeParameters>
<previousColumn>false</previousColumn>
<autoIncrementCycle>false</autoIncrementCycle>
<associations>
<colAssociation fkAssociation="81DA5CAE-AF2D-CEBA-16EA-BC00C024D90A" referredColumn="D0196900-3FE4-8C44-F4BE-363A4397BD2C"/>
</associations>
</Column>
</columns>
<indexes itemClass="oracle.dbtools.crest.model.design.relational.Index">
<ind_PK_UK id="B5F87C71-7CC8-ADAC-D89E-DE539CB889DE" name="BORROWER_PK">
<createdBy>Jay</createdBy>
<createdTime>2024-09-16 12:13:09 UTC</createdTime>
<generatorID>67426081-C080-61AD-D708-DDB7158F3326</generatorID>
<ownerDesignName>rcl_model</ownerDesignName>
<pk>true</pk>
<indexState>Primary Constraint</indexState>
<isSurrogateKey>false</isSurrogateKey>
<indexColumnUsage>
<colUsage columnID="62CF42F7-175F-127F-B16E-CB6756A9C6D4"/>
</indexColumnUsage>
</ind_PK_UK>
<ind_PK_UK id="F7DE5663-F7BC-817B-A8A5-D2D2C6B9C810" name="BORROWER_BORROWERCLASS_FK">
<createdBy>Jay</createdBy>
<createdTime>2024-09-16 12:13:09 UTC</createdTime>
<generatorID>085AE101-AB30-B093-425F-A53DAA63852F</generatorID>
<ownerDesignName>rcl_model</ownerDesignName>
<indexState>Foreign Key</indexState>
<isSurrogateKey>false</isSurrogateKey>
<indexColumnUsage>
<colUsage columnID="20238C63-C9C7-BA72-F0C8-B2AB840556B6"/>
</indexColumnUsage>
</ind_PK_UK>
</indexes>
</Table>
