<?xml version = '1.0' encoding = 'UTF-8'?>
<Table class="oracle.dbtools.crest.model.design.relational.Table" directorySegmentName="seg_0" id="880B93EB-1402-DCF6-2CAA-2286D8AF9CEE" name="BRANCH">
<createdBy>Jay</createdBy>
<createdTime>2024-09-16 12:13:09 UTC</createdTime>
<generatorID>9D5A7CA8-16E5-C1E1-B5B8-9E5B2569D101</generatorID>
<ownerDesignName>rcl_model</ownerDesignName>
<allowColumnReorder>false</allowColumnReorder>
<existDependencyGenerateInDDl>true</existDependencyGenerateInDDl>
<parsed>true</parsed>
<columns itemClass="oracle.dbtools.crest.model.design.relational.Column">
<Column name="branch_code" id="6A6F5CDF-D17A-0813-E531-B0367D71DDFC">
<createdBy>Jay</createdBy>
<createdTime>2024-09-16 12:13:09 UTC</createdTime>
<commentInRDBMS><![CDATA[Branch code]]></commentInRDBMS>
<generatorID>BFB1F622-8ACB-0A93-3996-D00356934055</generatorID>
<ownerDesignName>rcl_model</ownerDesignName>
<useDomainConstraints>false</useDomainConstraints>
<use>1</use>
<logicalDatatype>LOGDT019</logicalDatatype>
<dataTypePrecision>8</dataTypePrecision>
<ownDataTypeParameters>,8,</ownDataTypeParameters>
<autoIncrementCycle>false</autoIncrementCycle>
</Column>
<Column name="branch_name" id="C21881F9-EA06-B4F2-DC26-23CDFB5ED61F">
<createdBy>Jay</createdBy>
<createdTime>2024-09-16 12:13:09 UTC</createdTime>
<commentInRDBMS><![CDATA[Branch name]]></commentInRDBMS>
<generatorID>422C148D-0076-4487-9A18-C8E971F24D35</generatorID>
<ownerDesignName>rcl_model</ownerDesignName>
<useDomainConstraints>false</useDomainConstraints>
<use>1</use>
<logicalDatatype>LOGDT024</logicalDatatype>
<dataTypeSize>30</dataTypeSize>
<ownDataTypeParameters>30,,</ownDataTypeParameters>
<autoIncrementCycle>false</autoIncrementCycle>
</Column>
<Column name="branch_address" id="478B7215-E0B3-D28D-0373-9C15F66D0300">
<createdBy>Jay</createdBy>
<createdTime>2024-09-16 12:13:09 UTC</createdTime>
<commentInRDBMS><![CDATA[Branch_address]]></commentInRDBMS>
<generatorID>31B4F13C-563F-2248-6863-718F96699400</generatorID>
<ownerDesignName>rcl_model</ownerDesignName>
<useDomainConstraints>false</useDomainConstraints>
<use>1</use>
<logicalDatatype>LOGDT024</logicalDatatype>
<dataTypeSize>50</dataTypeSize>
<ownDataTypeParameters>50,,</ownDataTypeParameters>
<autoIncrementCycle>false</autoIncrementCycle>
</Column>
<Column name="branch_cont_phone_no" id="4210531C-F923-4BF2-6717-5B9410FD3A47">
<createdBy>Jay</createdBy>
<createdTime>2024-09-16 12:13:09 UTC</createdTime>
<commentInRDBMS><![CDATA[Branch contact phone number]]></commentInRDBMS>
<generatorID>78163F7E-C0F4-AFEC-3F79-09527017438C</generatorID>
<ownerDesignName>rcl_model</ownerDesignName>
<useDomainConstraints>false</useDomainConstraints>
<use>1</use>
<logicalDatatype>LOGDT019</logicalDatatype>
<dataTypePrecision>13</dataTypePrecision>
<ownDataTypeParameters>,13,</ownDataTypeParameters>
<autoIncrementCycle>false</autoIncrementCycle>
</Column>
<Column name="lga_code" id="D1EDD287-A016-11BB-5980-6FE6D4E7D7D7">
<createdBy>Jay</createdBy>
<createdTime>2024-09-16 12:13:09 UTC</createdTime>
<commentInRDBMS><![CDATA[LGA code]]></commentInRDBMS>
<generatorID>56AF683E-C2D0-9B58-50E4-B5CEA951861C</generatorID>
<ownerDesignName>rcl_model</ownerDesignName>
<useDomainConstraints>false</useDomainConstraints>
<use>1</use>
<logicalDatatype>LOGDT019</logicalDatatype>
<dataTypePrecision>10</dataTypePrecision>
<ownDataTypeParameters>,,</ownDataTypeParameters>
<previousColumn>false</previousColumn>
<autoIncrementCycle>false</autoIncrementCycle>
<associations>
<colAssociation fkAssociation="EABBF06B-71D4-46A1-714E-A87D07D4A316" referredColumn="10E458BB-3191-E935-15E9-DE2BE29BEF27"/>
</associations>
</Column>
<Column name="manager_id" id="456AA3BF-9DAC-D5BD-FDC0-519CC9B2F84C">
<createdBy>Jay</createdBy>
<createdTime>2024-09-16 12:13:09 UTC</createdTime>
<commentInRDBMS><![CDATA[Manager ID]]></commentInRDBMS>
<generatorID>AB0ACDAF-D23C-2454-00F8-8120080E9486</generatorID>
<ownerDesignName>rcl_model</ownerDesignName>
<useDomainConstraints>false</useDomainConstraints>
<use>1</use>
<logicalDatatype>LOGDT019</logicalDatatype>
<dataTypePrecision>10</dataTypePrecision>
<ownDataTypeParameters>,,</ownDataTypeParameters>
<previousColumn>false</previousColumn>
<autoIncrementCycle>false</autoIncrementCycle>
<associations>
<colAssociation fkAssociation="37F2B581-F098-200F-2BAB-F3527DA0EE38" referredColumn="071357AA-3AE8-1EDD-FDEF-2716C6BB1A49"/>
</associations>
</Column>
</columns>
<indexes itemClass="oracle.dbtools.crest.model.design.relational.Index">
<ind_PK_UK id="3A58FF84-41EE-164A-1385-107CD90A02C7" name="BRANCH_PK">
<createdBy>Jay</createdBy>
<createdTime>2024-09-16 12:13:09 UTC</createdTime>
<generatorID>7008B0ED-CC20-7442-F94C-57545CCC8BCD</generatorID>
<ownerDesignName>rcl_model</ownerDesignName>
<pk>true</pk>
<indexState>Primary Constraint</indexState>
<isSurrogateKey>false</isSurrogateKey>
<indexColumnUsage>
<colUsage columnID="6A6F5CDF-D17A-0813-E531-B0367D71DDFC"/>
</indexColumnUsage>
</ind_PK_UK>
<ind_PK_UK id="F6424459-683F-79EA-D550-58A361696F2B" name="LGA_BRANCH_FK">
<createdBy>Jay</createdBy>
<createdTime>2024-09-16 12:13:09 UTC</createdTime>
<generatorID>6760DE3B-2CE5-514C-6CAF-A954FA57EE0A</generatorID>
<ownerDesignName>rcl_model</ownerDesignName>
<indexState>Foreign Key</indexState>
<isSurrogateKey>false</isSurrogateKey>
<indexColumnUsage>
<colUsage columnID="D1EDD287-A016-11BB-5980-6FE6D4E7D7D7"/>
</indexColumnUsage>
</ind_PK_UK>
<ind_PK_UK id="2F702476-0F75-20F1-6DA1-F32FA996D1DA" name="MANAGER_BRANCH_FK">
<createdBy>Jay</createdBy>
<createdTime>2024-09-16 12:13:09 UTC</createdTime>
<generatorID>BCD847ED-2A26-B0B4-2BAB-709BAE0366AC</generatorID>
<ownerDesignName>rcl_model</ownerDesignName>
<indexState>Foreign Key</indexState>
<isSurrogateKey>false</isSurrogateKey>
<indexColumnUsage>
<colUsage columnID="456AA3BF-9DAC-D5BD-FDC0-519CC9B2F84C"/>
</indexColumnUsage>
</ind_PK_UK>
</indexes>
</Table>
