<?xml version = '1.0' encoding = 'UTF-8'?>
<Table class="oracle.dbtools.crest.model.design.relational.Table" directorySegmentName="seg_0" id="A96F3024-DDCA-A866-2B52-C282CAE2FAEF" name="CATALOGUE_AUTHOR">
<createdBy>Jay</createdBy>
<createdTime>2024-09-16 12:13:09 UTC</createdTime>
<generatorID>1EFB0B7E-AE24-CB1E-126D-AF54E6962563</generatorID>
<ownerDesignName>rcl_model</ownerDesignName>
<allowColumnReorder>false</allowColumnReorder>
<existDependencyGenerateInDDl>true</existDependencyGenerateInDDl>
<parsed>true</parsed>
<columns itemClass="oracle.dbtools.crest.model.design.relational.Column">
<Column name="catal_call_no" id="5BE3C0DD-539D-A4B6-7D60-339DD6FE8CE3">
<createdBy>Jay</createdBy>
<createdTime>2024-09-16 12:13:09 UTC</createdTime>
<commentInRDBMS><![CDATA[Catalogue call number]]></commentInRDBMS>
<generatorID>C91C2E29-ED36-04B5-6B4B-4C0773E9E3C9</generatorID>
<ownerDesignName>rcl_model</ownerDesignName>
<useDomainConstraints>false</useDomainConstraints>
<use>1</use>
<logicalDatatype>LOGDT024</logicalDatatype>
<dataTypeSize>13</dataTypeSize>
<ownDataTypeParameters>,,</ownDataTypeParameters>
<previousColumn>false</previousColumn>
<autoIncrementCycle>false</autoIncrementCycle>
<associations>
<colAssociation fkAssociation="AFCF82D4-713E-9569-C25E-B2878F11EDE9" referredColumn="E30E526E-4BA7-9860-E1CB-9259D07D9421"/>
</associations>
</Column>
<Column name="author_no" id="241DC159-6C85-6410-30C7-7C7451C51451">
<createdBy>Jay</createdBy>
<createdTime>2024-09-16 12:13:09 UTC</createdTime>
<commentInRDBMS><![CDATA[Author number]]></commentInRDBMS>
<generatorID>B057B665-9DD4-5D26-FDF1-9B5E81D77C90</generatorID>
<ownerDesignName>rcl_model</ownerDesignName>
<useDomainConstraints>false</useDomainConstraints>
<use>1</use>
<logicalDatatype>LOGDT019</logicalDatatype>
<dataTypePrecision>10</dataTypePrecision>
<ownDataTypeParameters>,,</ownDataTypeParameters>
<previousColumn>false</previousColumn>
<autoIncrementCycle>false</autoIncrementCycle>
<associations>
<colAssociation fkAssociation="2D275280-5DAD-EFD3-1650-621842F6AC40" referredColumn="106611AA-A269-4ADD-C798-5BC72A2162AC"/>
</associations>
</Column>
</columns>
<indexes itemClass="oracle.dbtools.crest.model.design.relational.Index">
<ind_PK_UK id="BEC343EB-5DC0-372C-2963-F600019A24C3" name="CATALOGUEENTRY_AUTHOR_PK">
<createdBy>Jay</createdBy>
<createdTime>2024-09-16 12:13:09 UTC</createdTime>
<generatorID>63BD741F-BD2B-F157-D712-B5F3C148FAE5</generatorID>
<ownerDesignName>rcl_model</ownerDesignName>
<pk>true</pk>
<indexState>Primary Constraint</indexState>
<isSurrogateKey>false</isSurrogateKey>
<indexColumnUsage>
<colUsage columnID="5BE3C0DD-539D-A4B6-7D60-339DD6FE8CE3"/>
<colUsage columnID="241DC159-6C85-6410-30C7-7C7451C51451"/>
</indexColumnUsage>
</ind_PK_UK>
<ind_PK_UK id="05C549B8-1939-AC68-F43C-26376BAD969E" name="ANTHOR_CATALOGUEAUTHOR_FK">
<createdBy>Jay</createdBy>
<createdTime>2024-09-16 12:13:09 UTC</createdTime>
<generatorID>0F352DA5-3C13-880A-C5C0-893197516AC0</generatorID>
<ownerDesignName>rcl_model</ownerDesignName>
<indexState>Foreign Key</indexState>
<isSurrogateKey>false</isSurrogateKey>
<indexColumnUsage>
<colUsage columnID="241DC159-6C85-6410-30C7-7C7451C51451"/>
</indexColumnUsage>
</ind_PK_UK>
<ind_PK_UK id="25A319AC-B57B-B33E-AD4E-6AF44A3DDC94" name="CATALOG_CATALOGUEAUTHOR_FK">
<createdBy>Jay</createdBy>
<createdTime>2024-09-16 12:13:09 UTC</createdTime>
<generatorID>C86606D8-CB24-5D74-A6E6-7C703F561B93</generatorID>
<ownerDesignName>rcl_model</ownerDesignName>
<indexState>Foreign Key</indexState>
<isSurrogateKey>false</isSurrogateKey>
<indexColumnUsage>
<colUsage columnID="5BE3C0DD-539D-A4B6-7D60-339DD6FE8CE3"/>
</indexColumnUsage>
</ind_PK_UK>
</indexes>
</Table>
