<?xml version = '1.0' encoding = 'UTF-8'?>
<Table class="oracle.dbtools.crest.model.design.relational.Table" directorySegmentName="seg_0" id="BF1521F9-C5AC-72F0-F98E-FF35757E641D" name="LOAN">
<createdBy>Jay</createdBy>
<createdTime>2024-09-16 12:13:09 UTC</createdTime>
<generatorID>E909CA7B-02A3-B24E-EB83-265273428BDD</generatorID>
<ownerDesignName>rcl_model</ownerDesignName>
<allowColumnReorder>false</allowColumnReorder>
<existDependencyGenerateInDDl>true</existDependencyGenerateInDDl>
<parsed>true</parsed>
<columns itemClass="oracle.dbtools.crest.model.design.relational.Column">
<Column name="loan_order_date_time" id="D07AEB3E-20D0-DBAB-57E9-FA20892A6EBC">
<createdBy>Jay</createdBy>
<createdTime>2024-09-16 12:13:09 UTC</createdTime>
<commentInRDBMS><![CDATA[Loan order date and time]]></commentInRDBMS>
<generatorID>1CFB732E-3258-7F15-E156-063F43C6EAE8</generatorID>
<ownerDesignName>rcl_model</ownerDesignName>
<useDomainConstraints>false</useDomainConstraints>
<use>1</use>
<logicalDatatype>LOGDT007</logicalDatatype>
<ownDataTypeParameters>,,</ownDataTypeParameters>
<autoIncrementCycle>false</autoIncrementCycle>
</Column>
<Column name="loan_amount" id="E81454F4-0280-E404-D35B-06C9124B9C79">
<createdBy>Jay</createdBy>
<createdTime>2024-09-16 12:13:09 UTC</createdTime>
<commentInRDBMS><![CDATA[Loan amount]]></commentInRDBMS>
<generatorID>797EE95C-072A-BB4F-6E28-44F26119E0BF</generatorID>
<ownerDesignName>rcl_model</ownerDesignName>
<useDomainConstraints>false</useDomainConstraints>
<use>1</use>
<logicalDatatype>LOGDT019</logicalDatatype>
<dataTypePrecision>5</dataTypePrecision>
<ownDataTypeParameters>,5,</ownDataTypeParameters>
<autoIncrementCycle>false</autoIncrementCycle>
</Column>
<Column name="loan_duedate" id="869B95C8-BB2E-8D37-481E-BE11DEE27BAE">
<createdBy>Jay</createdBy>
<createdTime>2024-09-16 12:13:09 UTC</createdTime>
<commentInRDBMS><![CDATA[Loan due date]]></commentInRDBMS>
<generatorID>95AD20F0-EBEB-1727-0704-FEBCF858BF69</generatorID>
<ownerDesignName>rcl_model</ownerDesignName>
<useDomainConstraints>false</useDomainConstraints>
<use>1</use>
<logicalDatatype>LOGDT007</logicalDatatype>
<ownDataTypeParameters>,,</ownDataTypeParameters>
<autoIncrementCycle>false</autoIncrementCycle>
</Column>
<Column name="loan_return_date_time" id="A6C2342C-0260-47D0-F3D9-8EBC707C3822">
<createdBy>Jay</createdBy>
<createdTime>2024-09-16 12:13:09 UTC</createdTime>
<commentInRDBMS><![CDATA[Loan return date and time]]></commentInRDBMS>
<generatorID>58C27906-A93E-91B2-EB64-11DEE07648C7</generatorID>
<ownerDesignName>rcl_model</ownerDesignName>
<nullsAllowed>true</nullsAllowed>
<useDomainConstraints>false</useDomainConstraints>
<use>1</use>
<logicalDatatype>LOGDT007</logicalDatatype>
<ownDataTypeParameters>,,</ownDataTypeParameters>
<autoIncrementCycle>false</autoIncrementCycle>
</Column>
<Column name="borrower_no" id="A9D13432-D2F6-33E4-122D-2E26D9B0F3A4">
<createdBy>Jay</createdBy>
<createdTime>2024-09-16 12:13:09 UTC</createdTime>
<commentInRDBMS><![CDATA[Borrower number]]></commentInRDBMS>
<generatorID>415A8394-79A8-D87E-2A15-7F0B134A7DFA</generatorID>
<ownerDesignName>rcl_model</ownerDesignName>
<useDomainConstraints>false</useDomainConstraints>
<use>1</use>
<logicalDatatype>LOGDT019</logicalDatatype>
<dataTypePrecision>10</dataTypePrecision>
<ownDataTypeParameters>,,</ownDataTypeParameters>
<previousColumn>false</previousColumn>
<autoIncrementCycle>false</autoIncrementCycle>
<associations>
<colAssociation fkAssociation="F33BFF5C-A4BF-CC00-CB8C-E732526E67A9" referredColumn="62CF42F7-175F-127F-B16E-CB6756A9C6D4"/>
</associations>
</Column>
<Column name="loan_fine_amount" id="470B25E6-85CC-7FF6-BB22-79B574CF8F77">
<createdBy>Jay</createdBy>
<createdTime>2024-09-16 12:13:09 UTC</createdTime>
<commentInRDBMS><![CDATA[Loan fine amount]]></commentInRDBMS>
<generatorID>CC80931C-28D0-BFCB-5091-FC099D4873AE</generatorID>
<ownerDesignName>rcl_model</ownerDesignName>
<nullsAllowed>true</nullsAllowed>
<useDomainConstraints>false</useDomainConstraints>
<use>1</use>
<logicalDatatype>LOGDT019</logicalDatatype>
<dataTypePrecision>7</dataTypePrecision>
<dataTypeScale>2</dataTypeScale>
<ownDataTypeParameters>,7,2</ownDataTypeParameters>
<autoIncrementCycle>false</autoIncrementCycle>
</Column>
<Column name="loan_fine_paid_date" id="7B80036A-5352-32DE-F0FC-65380C256B18">
<createdBy>Jay</createdBy>
<createdTime>2024-09-16 12:13:09 UTC</createdTime>
<commentInRDBMS><![CDATA[Loan fine paid date]]></commentInRDBMS>
<generatorID>0FF266A5-3B8B-5926-06B6-3646CD869790</generatorID>
<ownerDesignName>rcl_model</ownerDesignName>
<nullsAllowed>true</nullsAllowed>
<useDomainConstraints>false</useDomainConstraints>
<use>1</use>
<logicalDatatype>LOGDT007</logicalDatatype>
<ownDataTypeParameters>,,</ownDataTypeParameters>
<autoIncrementCycle>false</autoIncrementCycle>
</Column>
<Column name="book_copy_id" id="CE43F625-2D0D-1C35-C795-423CCFC38B86">
<createdBy>Jay</createdBy>
<createdTime>2024-09-16 12:13:09 UTC</createdTime>
<commentInRDBMS><![CDATA[Book copy ID]]></commentInRDBMS>
<generatorID>34017F7B-828E-265B-91BC-7A163037CCF9</generatorID>
<ownerDesignName>rcl_model</ownerDesignName>
<useDomainConstraints>false</useDomainConstraints>
<use>1</use>
<logicalDatatype>LOGDT019</logicalDatatype>
<dataTypePrecision>10</dataTypePrecision>
<ownDataTypeParameters>,,</ownDataTypeParameters>
<previousColumn>false</previousColumn>
<autoIncrementCycle>false</autoIncrementCycle>
<associations>
<colAssociation fkAssociation="F32D7ED9-36FE-988F-1966-1B7318999688" referredColumn="249E1257-AC3D-4A05-6B46-C4C9345AEE54"/>
</associations>
</Column>
<Column name="branch_code" id="E9F12AA0-5A04-1D77-8287-DEB9DF70F777">
<createdBy>Jay</createdBy>
<createdTime>2024-09-16 12:13:09 UTC</createdTime>
<commentInRDBMS><![CDATA[Branch code]]></commentInRDBMS>
<generatorID>C14DA829-713A-5DD9-3E3C-FFAA29C5AF17</generatorID>
<ownerDesignName>rcl_model</ownerDesignName>
<useDomainConstraints>false</useDomainConstraints>
<use>1</use>
<logicalDatatype>LOGDT019</logicalDatatype>
<dataTypePrecision>8</dataTypePrecision>
<ownDataTypeParameters>,,</ownDataTypeParameters>
<previousColumn>false</previousColumn>
<autoIncrementCycle>false</autoIncrementCycle>
<associations>
<colAssociation fkAssociation="F32D7ED9-36FE-988F-1966-1B7318999688" referredColumn="11729AE0-810C-6CF5-4761-F63EC116DF84"/>
</associations>
</Column>
<Column name="loan_no" id="27B78C66-9287-D33F-9501-AA4A36DD02D0">
<createdBy>Jay</createdBy>
<createdTime>2024-09-16 12:13:09 UTC</createdTime>
<commentInRDBMS><![CDATA[Surrogate key loan number, there are three primary keys, we need to combined them into one primary key.]]></commentInRDBMS>
<generatorID>3C118DC9-6E4A-608B-75FC-452631B6FCC7</generatorID>
<ownerDesignName>rcl_model</ownerDesignName>
<useDomainConstraints>false</useDomainConstraints>
<use>1</use>
<logicalDatatype>LOGDT019</logicalDatatype>
<dataTypePrecision>10</dataTypePrecision>
<ownDataTypeParameters>,10,</ownDataTypeParameters>
<autoIncrementCycle>false</autoIncrementCycle>
</Column>
</columns>
<indexes itemClass="oracle.dbtools.crest.model.design.relational.Index">
<ind_PK_UK id="54F74A45-58B8-ECC3-F7EE-650D59EEBC35" name="LOAN_PK">
<createdBy>Jay</createdBy>
<createdTime>2024-09-16 12:13:09 UTC</createdTime>
<generatorID>E489397E-7390-7974-214B-3C0A7D04EB60</generatorID>
<ownerDesignName>rcl_model</ownerDesignName>
<pk>true</pk>
<indexState>Primary Constraint</indexState>
<isSurrogateKey>false</isSurrogateKey>
<indexColumnUsage>
<colUsage columnID="CE43F625-2D0D-1C35-C795-423CCFC38B86"/>
<colUsage columnID="E9F12AA0-5A04-1D77-8287-DEB9DF70F777"/>
<colUsage columnID="27B78C66-9287-D33F-9501-AA4A36DD02D0"/>
</indexColumnUsage>
</ind_PK_UK>
<ind_PK_UK id="0980973F-882F-E09B-57A1-0380E9A00DF8" name="LOAN_NK">
<createdBy>Jay</createdBy>
<createdTime>2024-09-16 12:13:09 UTC</createdTime>
<generatorID>D5695F9F-756C-410D-9018-8B9C4CA40E96</generatorID>
<ownerDesignName>rcl_model</ownerDesignName>
<indexState>Unique Constraint</indexState>
<isSurrogateKey>false</isSurrogateKey>
<indexColumnUsage>
<colUsage columnID="D07AEB3E-20D0-DBAB-57E9-FA20892A6EBC"/>
<colUsage columnID="CE43F625-2D0D-1C35-C795-423CCFC38B86"/>
<colUsage columnID="E9F12AA0-5A04-1D77-8287-DEB9DF70F777"/>
</indexColumnUsage>
</ind_PK_UK>
<ind_PK_UK id="B543AC26-2137-0B17-9155-3C9082B46F48" name="BOOKCOPY_LOAN_FK">
<createdBy>Jay</createdBy>
<createdTime>2024-09-16 12:13:09 UTC</createdTime>
<generatorID>5BD26447-694B-C715-35CE-EEB7D88A4282</generatorID>
<ownerDesignName>rcl_model</ownerDesignName>
<indexState>Foreign Key</indexState>
<isSurrogateKey>false</isSurrogateKey>
<indexColumnUsage>
<colUsage columnID="CE43F625-2D0D-1C35-C795-423CCFC38B86"/>
<colUsage columnID="E9F12AA0-5A04-1D77-8287-DEB9DF70F777"/>
</indexColumnUsage>
</ind_PK_UK>
<ind_PK_UK id="FFBA1A6E-6702-3F7C-9E13-B113624B8868" name="BORROWER_LOAN_FK">
<createdBy>Jay</createdBy>
<createdTime>2024-09-16 12:13:09 UTC</createdTime>
<generatorID>4D9F38CE-70C4-0540-352C-38415E05B8BE</generatorID>
<ownerDesignName>rcl_model</ownerDesignName>
<indexState>Foreign Key</indexState>
<isSurrogateKey>false</isSurrogateKey>
<indexColumnUsage>
<colUsage columnID="A9D13432-D2F6-33E4-122D-2E26D9B0F3A4"/>
</indexColumnUsage>
</ind_PK_UK>
</indexes>
</Table>
