<?xml version = '1.0' encoding = 'UTF-8'?>
<Table class="oracle.dbtools.crest.model.design.relational.Table" directorySegmentName="seg_0" id="FD8377CF-5908-422F-C53F-E7B6A35056F5" name="CATALOGUE_SUBJECT">
<createdBy>Jay</createdBy>
<createdTime>2024-09-16 12:13:09 UTC</createdTime>
<generatorID>16A001C1-D757-32B6-69D0-35A45C3C1913</generatorID>
<ownerDesignName>rcl_model</ownerDesignName>
<allowColumnReorder>false</allowColumnReorder>
<existDependencyGenerateInDDl>true</existDependencyGenerateInDDl>
<parsed>true</parsed>
<columns itemClass="oracle.dbtools.crest.model.design.relational.Column">
<Column name="catal_call_no" id="30868CF6-7038-7C85-A8B1-31B151CD3458">
<createdBy>Jay</createdBy>
<createdTime>2024-09-16 12:13:09 UTC</createdTime>
<commentInRDBMS><![CDATA[Catalogue call number]]></commentInRDBMS>
<generatorID>399F1E21-5694-BD09-F6B5-9CB11F5A3CEF</generatorID>
<ownerDesignName>rcl_model</ownerDesignName>
<useDomainConstraints>false</useDomainConstraints>
<use>1</use>
<logicalDatatype>LOGDT024</logicalDatatype>
<dataTypeSize>13</dataTypeSize>
<ownDataTypeParameters>,,</ownDataTypeParameters>
<previousColumn>false</previousColumn>
<autoIncrementCycle>false</autoIncrementCycle>
<associations>
<colAssociation fkAssociation="86EE1774-F78C-CE53-8046-4E1B7924BC47" referredColumn="E30E526E-4BA7-9860-E1CB-9259D07D9421"/>
</associations>
</Column>
<Column name="subject_id" id="748EE983-D22D-B7A6-F06B-D704EC92A784">
<createdBy>Jay</createdBy>
<createdTime>2024-09-16 12:13:09 UTC</createdTime>
<commentInRDBMS><![CDATA[Subject ID]]></commentInRDBMS>
<generatorID>2178FD2E-7F4B-99C6-CBB7-E1FBC650C859</generatorID>
<ownerDesignName>rcl_model</ownerDesignName>
<useDomainConstraints>false</useDomainConstraints>
<use>1</use>
<logicalDatatype>LOGDT019</logicalDatatype>
<dataTypePrecision>10</dataTypePrecision>
<ownDataTypeParameters>,,</ownDataTypeParameters>
<previousColumn>false</previousColumn>
<autoIncrementCycle>false</autoIncrementCycle>
<associations>
<colAssociation fkAssociation="F1359DFF-21E8-E3C6-9538-CD54A924FB21" referredColumn="5E233C69-F94F-0624-824E-78B4B4C222C5"/>
</associations>
</Column>
</columns>
<indexes itemClass="oracle.dbtools.crest.model.design.relational.Index">
<ind_PK_UK id="E7AA1529-D0A5-DDB1-32EB-CF7C0D49846D" name="CATALOGUE_SUBJECT_PK">
<createdBy>Jay</createdBy>
<createdTime>2024-09-16 12:13:09 UTC</createdTime>
<generatorID>F84D7216-E91B-1381-36C5-E26E097F23A9</generatorID>
<ownerDesignName>rcl_model</ownerDesignName>
<pk>true</pk>
<indexState>Primary Constraint</indexState>
<isSurrogateKey>false</isSurrogateKey>
<indexColumnUsage>
<colUsage columnID="30868CF6-7038-7C85-A8B1-31B151CD3458"/>
<colUsage columnID="748EE983-D22D-B7A6-F06B-D704EC92A784"/>
</indexColumnUsage>
</ind_PK_UK>
<ind_PK_UK id="2DBD3ADA-F662-758A-C299-24EAB7373DCB" name="CATALOGUE_CATALOGUESUBJECT_FK">
<createdBy>Jay</createdBy>
<createdTime>2024-09-16 12:13:09 UTC</createdTime>
<generatorID>C2438026-CC88-EC96-806E-DBB658801C48</generatorID>
<ownerDesignName>rcl_model</ownerDesignName>
<indexState>Foreign Key</indexState>
<isSurrogateKey>false</isSurrogateKey>
<indexColumnUsage>
<colUsage columnID="30868CF6-7038-7C85-A8B1-31B151CD3458"/>
</indexColumnUsage>
</ind_PK_UK>
<ind_PK_UK id="8BCAEB27-46FA-55EA-096A-9A970AE77F50" name="CATALOGUESUBJECT_SUBJECT_FK">
<createdBy>Jay</createdBy>
<createdTime>2024-09-16 12:13:09 UTC</createdTime>
<generatorID>5E20F97B-023B-CF57-C772-9002D9216084</generatorID>
<ownerDesignName>rcl_model</ownerDesignName>
<indexState>Foreign Key</indexState>
<isSurrogateKey>false</isSurrogateKey>
<indexColumnUsage>
<colUsage columnID="748EE983-D22D-B7A6-F06B-D704EC92A784"/>
</indexColumnUsage>
</ind_PK_UK>
</indexes>
</Table>
