<?xml version = '1.0' encoding = 'UTF-8'?>
<relationalModel class="oracle.dbtools.crest.model.design.relational.RelationalDesign" name="Relational_1" id="B739ED4A-3D81-CF1D-35E0-DC001DB8B830" mainViewID="C6219AB2-BFB4-E2C0-1C84-21FD300D410A">
<createdBy>Jay</createdBy>
<createdTime>2024-09-15 06:29:01 UTC</createdTime>
<ownerDesignName>rcl_model</ownerDesignName>
<shouldBeOpen>false</shouldBeOpen>
<selectedRDBMSSite>3FD120B5-9F4E-6278-D5E2-746D192C8319</selectedRDBMSSite>
</relationalModel>